Crash ID,CrashDate,CountyName,Fatals,Peds,Persons,State,StateName,TotalVehicles,Crash Date,Latitude,Longitude,Weather,Weather Name,Road Function,Road Function Name,Light Condition,Light Condition Name,Manner of Collision,Manner of Collision Name,Speed Limit,Speed Limit Name,Harmful Event,Harmful Event Name,Drunk Drivers,City,City Name,Functional System,Functional System Name,Work Zone,Work Zone Name
10180,/Date(1648808880000-0400)/,CHAMBERS (17),1,1,1,1,Alabama,1,2022-04-01 06:28,32.85245833,-85.199541670,1,Clear,,,2,Dark - Not Lighted,0,The First Harmful Event was Not a Collision with a Motor Vehicle in Transport,0,No Special Jurisdiction,8,Pedestrian,,1830,LANETT,4,Minor Arterial,0,None
10175,/Date(1648606200000-0400)/,LAWRENCE (79),1,0,1,1,Alabama,1,2022-03-29 22:10,34.34535833,-87.339611110,1,Clear,,,2,Dark - Not Lighted,0,The First Harmful Event was Not a Collision with a Motor Vehicle in Transport,0,No Special Jurisdiction,42,Tree (Standing Only),,0,NOT APPLICABLE,5,Major Collector,0,None
10179,/Date(1648718400000-0400)/,CHEROKEE (19),1,0,2,1,Alabama,1,2022-03-31 05:20,33.97954167,-85.500744440,1,Clear,,,2,Dark - Not Lighted,0,The First Harmful Event was Not a Collision with a Motor Vehicle in Transport,0,No Special Jurisdiction,18,Other Object (not fixed),,0,NOT APPLICABLE,3,Principal Arterial - Other,0,None
10178,/Date(1648663800000-0400)/,CONECUH (35),1,0,2,1,Alabama,2,2022-03-30 14:10,31.42985833,-87.109075000,1,Clear,,,1,Daylight,6,Angle,0,No Special Jurisdiction,12,Motor Vehicle In-Transport,,0,NOT APPLICABLE,3,Principal Arterial - Other,0,None
10183,/Date(1648790520000-0400)/,MACON (87),1,0,1,1,Alabama,1,2022-04-01 01:22,32.42094444,-85.695066670,1,Clear,,,6,Dark - Unknown Lighting,0,The First Harmful Event was Not a Collision with a Motor Vehicle in Transport,0,No Special Jurisdiction,30,Utility Pole/Light Support,,3070,TUSKEGEE,4,Minor Arterial,0,None
10182,/Date(1648818120000-0400)/,JEFFERSON (73),1,0,5,1,Alabama,2,2022-04-01 09:02,33.50044722,-86.866850000,1,Clear,,,1,Daylight,2,Front-to-Front,0,No Special Jurisdiction,12,Motor Vehicle In-Transport,,350,BIRMINGHAM,4,Minor Arterial,0,None
10181,/Date(1648825080000-0400)/,MARSHALL (95),1,0,3,1,Alabama,3,2022-04-01 10:58,34.19550278,-86.149297220,1,Clear,,,1,Daylight,6,Angle,0,No Special Jurisdiction,12,Motor Vehicle In-Transport,,400,BOAZ,3,Principal Arterial - Other,0,None
10186,/Date(1648931940000-0400)/,ELMORE (51),1,0,3,1,Alabama,2,2022-04-02 16:39,32.45678611,-86.403830560,1,Clear,,,1,Daylight,6,Angle,0,No Special Jurisdiction,12,Motor Vehicle In-Transport,,9997,Other,3,Principal Arterial - Other,0,None
10189,/Date(1648797720000-0400)/,GREENE (63),1,1,5,1,Alabama,4,2022-04-01 03:22,32.99910000,-87.772355560,1,Clear,,,6,Dark - Unknown Lighting,1,Front-to-Rear,0,No Special Jurisdiction,12,Motor Vehicle In-Transport,,0,NOT APPLICABLE,1,Interstate,0,None
10187,/Date(1648952400000-0400)/,DEKALB (49),1,0,2,1,Alabama,2,2022-04-02 22:20,34.33244444,-86.052286110,1,Clear,,,2,Dark - Not Lighted,1,Front-to-Rear,0,No Special Jurisdiction,12,Motor Vehicle In-Transport,,0,NOT APPLICABLE,4,Minor Arterial,0,None
10185,/Date(1648954380000-0400)/,JEFFERSON (73),1,1,3,1,Alabama,1,2022-04-02 22:53,33.39145000,-86.790066670,1,Clear,,,3,Dark - Lighted,0,The First Harmful Event was Not a Collision with a Motor Vehicle in Transport,0,No Special Jurisdiction,8,Pedestrian,,1716,HOOVER,1,Interstate,0,None
10184,/Date(1648972560000-0400)/,MONTGOMERY (101),1,0,1,1,Alabama,1,2022-04-03 03:56,32.42174444,-86.235500000,1,Clear,,,3,Dark - Lighted,0,The First Harmful Event was Not a Collision with a Motor Vehicle in Transport,0,No Special Jurisdiction,42,Tree (Standing Only),,2130,MONTGOMERY,2,Principal Arterial - Other Freeways and Expressways,0,None
10188,/Date(1649028600000-0400)/,TUSCALOOSA (125),1,0,2,1,Alabama,2,2022-04-03 19:30,33.13967778,-87.543800000,1,Clear,,,3,Dark - Lighted,6,Angle,0,No Special Jurisdiction,12,Motor Vehicle In-Transport,,0,NOT APPLICABLE,3,Principal Arterial - Other,0,None
10190,/Date(1649034480000-0400)/,TUSCALOOSA (125),1,0,4,1,Alabama,2,2022-04-03 21:08,33.17566389,-87.488463890,10,Cloudy,,,2,Dark - Not Lighted,1,Front-to-Rear,0,No Special Jurisdiction,12,Motor Vehicle In-Transport,,0,NOT APPLICABLE,1,Interstate,0,None
10191,/Date(1649126880000-0400)/,AUTAUGA (1),1,0,1,1,Alabama,1,2022-04-04 22:48,32.43060000,-86.523272220,1,Clear,,,2,Dark - Not Lighted,0,The First Harmful Event was Not a Collision with a Motor Vehicle in Transport,0,No Special Jurisdiction,42,Tree (Standing Only),,0,NOT APPLICABLE,4,Minor Arterial,0,None
10192,/Date(1649062200000-0400)/,WILCOX (131),1,0,4,1,Alabama,2,2022-04-04 04:50,32.16828611,-87.493202780,1,Clear,,,2,Dark - Not Lighted,2,Front-to-Front,0,No Special Jurisdiction,12,Motor Vehicle In-Transport,,0,NOT APPLICABLE,3,Principal Arterial - Other,0,None
10194,/Date(1649100540000-0400)/,CALHOUN (15),1,0,3,1,Alabama,2,2022-04-04 15:29,33.92802500,-85.624150000,1,Clear,,,1,Daylight,2,Front-to-Front,0,No Special Jurisdiction,12,Motor Vehicle In-Transport,,2460,PIEDMONT,3,Principal Arterial - Other,0,None
10193,/Date(1649111940000-0400)/,MOBILE (97),1,0,4,1,Alabama,2,2022-04-04 18:39,30.67598056,-88.159738890,1,Clear,,,1,Daylight,6,Angle,0,No Special Jurisdiction,12,Motor Vehicle In-Transport,,2100,MOBILE,3,Principal Arterial - Other,0,None
10197,/Date(1649201400000-0400)/,MARSHALL (95),1,0,2,1,Alabama,1,2022-04-05 19:30,34.19838056,-86.226608330,1,Clear,,,5,Dusk,0,The First Harmful Event was Not a Collision with a Motor Vehicle in Transport,0,No Special Jurisdiction,35,Embankment,,0,NOT APPLICABLE,7,Local,0,None
10196,/Date(1649165400000-0400)/,HALE (65),1,0,1,1,Alabama,1,2022-04-05 09:30,32.50917500,-87.596838890,2,Rain,,,1,Daylight,0,The First Harmful Event was Not a Collision with a Motor Vehicle in Transport,0,No Special Jurisdiction,42,Tree (Standing Only),,0,NOT APPLICABLE,5,Major Collector,0,None
10198,/Date(1649448900000-0400)/,BUTLER (13),1,0,2,1,Alabama,1,2022-04-08 16:15,31.92768333,-86.538997220,1,Clear,,,1,Daylight,0,The First Harmful Event was Not a Collision with a Motor Vehicle in Transport,0,No Special Jurisdiction,42,Tree (Standing Only),,0,NOT APPLICABLE,5,Major Collector,0,None
10195,/Date(1649154600000-0400)/,JEFFERSON (73),2,0,4,1,Alabama,2,2022-04-05 06:30,33.54531944,-86.651855560,2,Rain,,,4,Dawn,1,Front-to-Rear,0,No Special Jurisdiction,12,Motor Vehicle In-Transport,,0,NOT APPLICABLE,1,Interstate,0,None
10199,/Date(1649476260000-0400)/,MONTGOMERY (101),1,1,1,1,Alabama,2,2022-04-08 23:51,32.36778333,-86.139136110,1,Clear,,,3,Dark - Lighted,0,The First Harmful Event was Not a Collision with a Motor Vehicle in Transport,0,No Special Jurisdiction,8,Pedestrian,,2130,MONTGOMERY,1,Interstate,0,None
10200,/Date(1649453400000-0400)/,CLARKE (25),1,1,1,1,Alabama,1,2022-04-08 17:30,31.51485278,-87.869622220,1,Clear,,,1,Daylight,0,The First Harmful Event was Not a Collision with a Motor Vehicle in Transport,0,No Special Jurisdiction,8,Pedestrian,,1760,JACKSON,7,Local,0,None
10202,/Date(1649575800000-0400)/,MADISON (89),1,0,1,1,Alabama,1,2022-04-10 03:30,34.95076389,-86.571747220,1,Clear,,,2,Dark - Not Lighted,0,The First Harmful Event was Not a Collision with a Motor Vehicle in Transport,0,No Special Jurisdiction,38,Fence,,0,NOT APPLICABLE,3,Principal Arterial - Other,0,None
10201,/Date(1649485200000-0400)/,DEKALB (49),3,0,3,1,Alabama,1,2022-04-09 02:20,34.75064167,-85.637947220,10,Cloudy,,,2,Dark - Not Lighted,0,The First Harmful Event was Not a Collision with a Motor Vehicle in Transport,0,No Special Jurisdiction,42,Tree (Standing Only),,0,NOT APPLICABLE,5,Major Collector,0,None
10203,/Date(1649598000000-0400)/,JACKSON (71),1,0,1,1,Alabama,1,2022-04-10 09:40,34.64485278,-86.271183330,1,Clear,,,1,Daylight,0,The First Harmful Event was Not a Collision with a Motor Vehicle in Transport,0,No Special Jurisdiction,19,Building,,0,NOT APPLICABLE,5,Major Collector,0,None
10204,/Date(1649624580000-0400)/,TALLAPOOSA (123),1,0,1,1,Alabama,1,2022-04-10 17:03,32.60375556,-85.805161110,1,Clear,,,1,Daylight,0,The First Harmful Event was Not a Collision with a Motor Vehicle in Transport,0,No Special Jurisdiction,59,Traffic Sign Support ,,0,NOT APPLICABLE,5,Major Collector,0,None
10205,/Date(1649631180000-0400)/,BLOUNT (9),1,0,5,1,Alabama,2,2022-04-10 18:53,33.81638611,-86.599536110,1,Clear,,,5,Dusk,6,Angle,0,No Special Jurisdiction,12,Motor Vehicle In-Transport,,0,NOT APPLICABLE,3,Principal Arterial - Other,0,None
10207,/Date(1649689200000-0400)/,MARSHALL (95),1,0,2,1,Alabama,2,2022-04-11 11:00,34.15788611,-86.356022220,10,Cloudy,,,1,Daylight,2,Front-to-Front,0,No Special Jurisdiction,12,Motor Vehicle In-Transport,,0,NOT APPLICABLE,4,Minor Arterial,1,Construction
10209,/Date(1649898780000-0400)/,BALDWIN (3),1,0,2,1,Alabama,1,2022-04-13 21:13,30.25185833,-87.756022220,10,Cloudy,,,3,Dark - Lighted,0,The First Harmful Event was Not a Collision with a Motor Vehicle in Transport,0,No Special Jurisdiction,42,Tree (Standing Only),,1493,GULF SHORES,5,Major Collector,0,None
10206,/Date(1649714760000-0400)/,MADISON (89),2,0,3,1,Alabama,1,2022-04-11 18:06,34.82942500,-86.595783330,10,Cloudy,,,1,Daylight,0,The First Harmful Event was Not a Collision with a Motor Vehicle in Transport,0,No Special Jurisdiction,43,Other Fixed Object,,1730,HUNTSVILLE,4,Minor Arterial,0,None
10210,/Date(1649849400000-0400)/,CULLMAN (43),1,0,1,1,Alabama,1,2022-04-13 07:30,33.93090833,-86.897822220,1,Clear,,,1,Daylight,0,The First Harmful Event was Not a Collision with a Motor Vehicle in Transport,0,No Special Jurisdiction,42,Tree (Standing Only),,0,NOT APPLICABLE,5,Major Collector,0,None
10211,/Date(1649881200000-0400)/,LIMESTONE (83),1,0,2,1,Alabama,2,2022-04-13 16:20,34.75908889,-86.832966670,1,Clear,,,1,Daylight,0,The First Harmful Event was Not a Collision with a Motor Vehicle in Transport,0,No Special Jurisdiction,1,Rollover/Overturn,,0,NOT APPLICABLE,5,Major Collector,0,None
10212,/Date(1649971260000-0400)/,TALLADEGA (121),1,0,1,1,Alabama,1,2022-04-14 17:21,33.14618056,-86.335894440,1,Clear,,,1,Daylight,0,The First Harmful Event was Not a Collision with a Motor Vehicle in Transport,0,No Special Jurisdiction,42,Tree (Standing Only),,0,NOT APPLICABLE,5,Major Collector,0,None
10208,/Date(1649767080000-0400)/,LIMESTONE (83),1,0,1,1,Alabama,1,2022-04-12 08:38,34.76510000,-86.875763890,1,Clear,,,1,Daylight,0,The First Harmful Event was Not a Collision with a Motor Vehicle in Transport,0,No Special Jurisdiction,34,Ditch,,170,ATHENS,3,Principal Arterial - Other,0,None
10214,/Date(1650090000000-0400)/,MONTGOMERY (101),1,0,1,1,Alabama,1,2022-04-16 02:20,32.42221111,-86.246086110,2,Rain,,,2,Dark - Not Lighted,0,The First Harmful Event was Not a Collision with a Motor Vehicle in Transport,0,No Special Jurisdiction,42,Tree (Standing Only),,2130,MONTGOMERY,2,Principal Arterial - Other Freeways and Expressways,0,None
10213,/Date(1650036720000-0400)/,TUSCALOOSA (125),1,1,1,1,Alabama,1,2022-04-15 11:32,33.26788333,-87.109052780,1,Clear,,,1,Daylight,0,The First Harmful Event was Not a Collision with a Motor Vehicle in Transport,0,No Special Jurisdiction,8,Pedestrian,,0,NOT APPLICABLE,1,Interstate,0,None
10215,/Date(1650138300000-0400)/,HOUSTON (69),1,0,3,1,Alabama,2,2022-04-16 15:45,31.25246667,-85.416875000,1,Clear,,,1,Daylight,6,Angle,0,No Special Jurisdiction,12,Motor Vehicle In-Transport,,930,DOTHAN,3,Principal Arterial - Other,0,None
10218,/Date(1650244800000-0400)/,TALLADEGA (121),1,0,1,1,Alabama,1,2022-04-17 21:20,33.43611944,-86.193213890,2,Rain,,,2,Dark - Not Lighted,0,The First Harmful Event was Not a Collision with a Motor Vehicle in Transport,0,No Special Jurisdiction,43,Other Fixed Object,,0,NOT APPLICABLE,7,Local,0,None
10216,/Date(1650145020000-0400)/,MOBILE (97),1,0,5,1,Alabama,2,2022-04-16 17:37,30.66090556,-88.096155560,2,Rain,,,3,Dark - Lighted,2,Front-to-Front,0,No Special Jurisdiction,12,Motor Vehicle In-Transport,,2100,MOBILE,4,Minor Arterial,0,None
10217,/Date(1650184200000-0400)/,MOBILE (97),1,1,1,1,Alabama,1,2022-04-17 04:30,30.69067222,-88.125986110,1,Clear,,,2,Dark - Not Lighted,0,The First Harmful Event was Not a Collision with a Motor Vehicle in Transport,0,No Special Jurisdiction,8,Pedestrian,,2100,MOBILE,1,Interstate,0,None
10219,/Date(1650169500000-0400)/,MARSHALL (95),2,0,2,1,Alabama,2,2022-04-17 00:25,34.24198889,-86.171227780,5,"Fog, Smog, Smoke",,,3,Dark - Lighted,2,Front-to-Front,0,No Special Jurisdiction,12,Motor Vehicle In-Transport,,50,ALBERTVILLE,3,Principal Arterial - Other,0,None
10221,/Date(1650319740000-0400)/,CLEBURNE (29),1,0,3,1,Alabama,3,2022-04-18 18:09,33.61074444,-85.598125000,1,Clear,,,1,Daylight,2,Front-to-Front,0,No Special Jurisdiction,12,Motor Vehicle In-Transport,,1620,HEFLIN,4,Minor Arterial,0,None
10220,/Date(1650217440000-0400)/,BULLOCK (11),1,0,3,1,Alabama,1,2022-04-17 13:44,32.15262222,-85.713502780,2,Rain,,,1,Daylight,0,The First Harmful Event was Not a Collision with a Motor Vehicle in Transport,0,No Special Jurisdiction,42,Tree (Standing Only),,3090,UNION SPRINGS,4,Minor Arterial,0,None
10224,/Date(1650510600000-0400)/,LAUDERDALE (77),1,0,1,1,Alabama,1,2022-04-20 23:10,34.93451667,-87.501663890,2,Rain,,,2,Dark - Not Lighted,0,The First Harmful Event was Not a Collision with a Motor Vehicle in Transport,0,No Special Jurisdiction,1,Rollover/Overturn,,0,NOT APPLICABLE,5,Major Collector,0,None
10222,/Date(1650407280000-0400)/,JEFFERSON (73),1,0,2,1,Alabama,2,2022-04-19 18:28,33.63309722,-86.623102780,1,Clear,,,3,Dark - Lighted,2,Front-to-Front,0,No Special Jurisdiction,12,Motor Vehicle In-Transport,,350,BIRMINGHAM,7,Local,0,None
10223,/Date(1650447300000-0400)/,MOBILE (97),2,0,4,1,Alabama,2,2022-04-20 05:35,30.50710556,-88.368613890,10,Cloudy,,,2,Dark - Not Lighted,2,Front-to-Front,0,No Special Jurisdiction,12,Motor Vehicle In-Transport,,0,NOT APPLICABLE,6,Minor Collector,0,None
10225,/Date(1650445620000-0400)/,LIMESTONE (83),1,0,2,1,Alabama,2,2022-04-20 05:07,34.83564444,-86.936808330,1,Clear,,,2,Dark - Not Lighted,6,Angle,0,No Special Jurisdiction,12,Motor Vehicle In-Transport,,0,NOT APPLICABLE,1,Interstate,0,None
10227,/Date(1650587400000-0400)/,MOBILE (97),1,1,1,1,Alabama,1,2022-04-21 20:30,30.75175000,-88.116147220,1,Clear,,,3,Dark - Lighted,0,The First Harmful Event was Not a Collision with a Motor Vehicle in Transport,0,No Special Jurisdiction,8,Pedestrian,,2550,PRICHARD,3,Principal Arterial - Other,0,None
10229,/Date(1650532440000-0400)/,MOBILE (97),1,1,1,1,Alabama,1,2022-04-21 05:14,31.02618056,-88.231736110,10,Cloudy,,,2,Dark - Not Lighted,0,The First Harmful Event was Not a Collision with a Motor Vehicle in Transport,0,No Special Jurisdiction,8,Pedestrian,,0,NOT APPLICABLE,3,Principal Arterial - Other,0,None
10226,/Date(1650455100000-0400)/,FAYETTE (57),1,0,1,1,Alabama,1,2022-04-20 07:45,33.76878611,-87.893783330,1,Clear,,,1,Daylight,0,The First Harmful Event was Not a Collision with a Motor Vehicle in Transport,0,No Special Jurisdiction,43,Other Fixed Object,,0,NOT APPLICABLE,5,Major Collector,0,None
10228,/Date(1650562200000-0400)/,PICKENS (107),1,0,2,1,Alabama,1,2022-04-21 13:30,33.40502500,-88.094419440,1,Clear,,,1,Daylight,0,The First Harmful Event was Not a Collision with a Motor Vehicle in Transport,0,No Special Jurisdiction,21,Bridge Pier or Support,,0,NOT APPLICABLE,3,Principal Arterial - Other,0,None
10230,/Date(1650634260000-0400)/,ETOWAH (55),1,0,1,1,Alabama,1,2022-04-22 09:31,33.98266944,-85.812050000,1,Clear,,,1,Daylight,0,The First Harmful Event was Not a Collision with a Motor Vehicle in Transport,0,No Special Jurisdiction,1,Rollover/Overturn,,1670,HOKES BLUFF,3,Principal Arterial - Other,0,None
10231,/Date(1650635700000-0400)/,LEE (81),1,0,2,1,Alabama,2,2022-04-22 09:55,32.69233056,-85.508133330,1,Clear,,,1,Daylight,6,Angle,0,No Special Jurisdiction,12,Motor Vehicle In-Transport,,0,NOT APPLICABLE,3,Principal Arterial - Other,0,None
10233,/Date(1650790800000-0400)/,DALLAS (47),1,0,1,1,Alabama,1,2022-04-24 05:00,32.12212778,-87.092572220,1,Clear,,,2,Dark - Not Lighted,0,The First Harmful Event was Not a Collision with a Motor Vehicle in Transport,0,No Special Jurisdiction,34,Ditch,,0,NOT APPLICABLE,4,Minor Arterial,0,None
10232,/Date(1650852600000-0400)/,CALHOUN (15),1,0,1,1,Alabama,1,2022-04-24 22:10,33.69021389,-85.867066670,1,Clear,,,2,Dark - Not Lighted,0,The First Harmful Event was Not a Collision with a Motor Vehicle in Transport,0,No Special Jurisdiction,34,Ditch,,0,NOT APPLICABLE,5,Major Collector,0,None
10234,/Date(1650813600000-0400)/,WASHINGTON (129),1,0,1,1,Alabama,1,2022-04-24 11:20,31.56375556,-88.414683330,1,Clear,,,1,Daylight,0,The First Harmful Event was Not a Collision with a Motor Vehicle in Transport,0,No Special Jurisdiction,42,Tree (Standing Only),,0,NOT APPLICABLE,5,Major Collector,0,None
10235,/Date(1650821280000-0400)/,MOBILE (97),1,0,1,1,Alabama,1,2022-04-24 13:28,30.75243333,-88.310116670,1,Clear,,,1,Daylight,0,The First Harmful Event was Not a Collision with a Motor Vehicle in Transport,0,No Special Jurisdiction,42,Tree (Standing Only),,0,NOT APPLICABLE,7,Local,0,None
10236,/Date(1650861900000-0400)/,ETOWAH (55),1,0,1,1,Alabama,1,2022-04-25 00:45,34.06698056,-86.011788890,1,Clear,,,2,Dark - Not Lighted,0,The First Harmful Event was Not a Collision with a Motor Vehicle in Transport,0,No Special Jurisdiction,32,Culvert,,0,NOT APPLICABLE,5,Major Collector,0,None
10239,/Date(1650996000000-0400)/,AUTAUGA (1),1,0,4,1,Alabama,3,2022-04-26 14:00,32.45001111,-86.725463890,2,Rain,,,1,Daylight,2,Front-to-Front,0,No Special Jurisdiction,12,Motor Vehicle In-Transport,,0,NOT APPLICABLE,4,Minor Arterial,0,None
10237,/Date(1650866400000-0400)/,MADISON (89),1,0,3,1,Alabama,3,2022-04-25 02:00,34.76676944,-86.554366670,1,Clear,,,3,Dark - Lighted,1,Front-to-Rear,0,No Special Jurisdiction,12,Motor Vehicle In-Transport,,1730,HUNTSVILLE,3,Principal Arterial - Other,0,None
10238,/Date(1650990600000-0400)/,BUTLER (13),2,0,2,1,Alabama,2,2022-04-26 12:30,31.92795000,-86.538833330,10,Cloudy,,,1,Daylight,2,Front-to-Front,0,No Special Jurisdiction,12,Motor Vehicle In-Transport,,0,NOT APPLICABLE,5,Major Collector,0,None
10241,/Date(1651142400000-0400)/,JEFFERSON (73),1,0,2,1,Alabama,2,2022-04-28 06:40,33.60593056,-86.741377780,10,Cloudy,,,4,Dawn,2,Front-to-Front,0,No Special Jurisdiction,12,Motor Vehicle In-Transport,,350,BIRMINGHAM,5,Major Collector,0,None
10240,/Date(1650999480000-0400)/,MARSHALL (95),1,0,3,1,Alabama,2,2022-04-26 14:58,34.23095278,-86.403480560,1,Clear,,,1,Daylight,2,Front-to-Front,0,No Special Jurisdiction,12,Motor Vehicle In-Transport,,0,NOT APPLICABLE,4,Minor Arterial,0,None
10242,/Date(1651282200000-0400)/,TALLADEGA (121),1,0,2,1,Alabama,2,2022-04-29 21:30,33.48965278,-86.014052780,1,Clear,,,2,Dark - Not Lighted,2,Front-to-Front,0,No Special Jurisdiction,12,Motor Vehicle In-Transport,,0,NOT APPLICABLE,3,Principal Arterial - Other,0,None
10243,/Date(1651212780000-0400)/,LIMESTONE (83),1,0,1,1,Alabama,1,2022-04-29 02:13,34.74638889,-86.983758330,1,Clear,,,2,Dark - Not Lighted,0,The First Harmful Event was Not a Collision with a Motor Vehicle in Transport,0,No Special Jurisdiction,34,Ditch,,170,ATHENS,5,Major Collector,0,None
10245,/Date(1651267500000-0400)/,TUSCALOOSA (125),1,0,1,1,Alabama,1,2022-04-29 17:25,33.33021667,-87.592575000,1,Clear,,,1,Daylight,0,The First Harmful Event was Not a Collision with a Motor Vehicle in Transport,0,No Special Jurisdiction,42,Tree (Standing Only),,0,NOT APPLICABLE,5,Major Collector,0,None
10244,/Date(1651224540000-0400)/,MOBILE (97),1,1,1,1,Alabama,1,2022-04-29 05:29,30.68258333,-88.127177780,2,Rain,,,3,Dark - Lighted,0,The First Harmful Event was Not a Collision with a Motor Vehicle in Transport,0,No Special Jurisdiction,8,Pedestrian,,2100,MOBILE,1,Interstate,0,None
10246,/Date(1651351020000-0400)/,ELMORE (51),2,0,6,1,Alabama,3,2022-04-30 16:37,32.66493333,-86.251844440,10,Cloudy,,,1,Daylight,8,Sideswipe - Opposite Direction,0,No Special Jurisdiction,12,Motor Vehicle In-Transport,,0,NOT APPLICABLE,3,Principal Arterial - Other,0,None
10248,/Date(1651336200000-0400)/,MOBILE (97),1,0,3,1,Alabama,2,2022-04-30 12:30,30.47263056,-88.233894440,1,Clear,,,1,Daylight,6,Angle,0,No Special Jurisdiction,12,Motor Vehicle In-Transport,,0,NOT APPLICABLE,5,Major Collector,0,None
10247,/Date(1651363920000-0400)/,WALKER (127),1,0,1,1,Alabama,1,2022-04-30 20:12,33.95617500,-87.194694440,1,Clear,,,2,Dark - Not Lighted,0,The First Harmful Event was Not a Collision with a Motor Vehicle in Transport,0,No Special Jurisdiction,35,Embankment,,0,NOT APPLICABLE,7,Local,0,None
10249,/Date(1651358100000-0400)/,CONECUH (35),1,0,1,1,Alabama,1,2022-04-30 18:35,31.50578611,-86.999655560,1,Clear,,,1,Daylight,0,The First Harmful Event was Not a Collision with a Motor Vehicle in Transport,0,No Special Jurisdiction,42,Tree (Standing Only),,0,NOT APPLICABLE,7,Local,0,None
10250,/Date(1651301400000-0400)/,DALLAS (47),1,0,1,1,Alabama,1,2022-04-30 02:50,32.31808889,-86.895125000,1,Clear,,,2,Dark - Not Lighted,0,The First Harmful Event was Not a Collision with a Motor Vehicle in Transport,0,No Special Jurisdiction,35,Embankment,,0,NOT APPLICABLE,3,Principal Arterial - Other,0,None
10253,/Date(1651528800000-0400)/,JACKSON (71),2,0,2,1,Alabama,1,2022-05-02 18:00,34.62550000,-85.844397220,1,Clear,,,1,Daylight,0,The First Harmful Event was Not a Collision with a Motor Vehicle in Transport,0,No Special Jurisdiction,38,Fence,,0,NOT APPLICABLE,4,Minor Arterial,0,None
10254,/Date(1651597020000-0400)/,COFFEE (31),1,0,3,1,Alabama,1,2022-05-03 12:57,31.52128611,-85.959227780,10,Cloudy,,,1,Daylight,0,The First Harmful Event was Not a Collision with a Motor Vehicle in Transport,0,No Special Jurisdiction,42,Tree (Standing Only),,0,NOT APPLICABLE,4,Minor Arterial,1,Construction
10251,/Date(1651452000000-0400)/,WALKER (127),1,1,4,1,Alabama,1,2022-05-01 20:40,33.87284722,-87.163163890,1,Clear,,,2,Dark - Not Lighted,0,The First Harmful Event was Not a Collision with a Motor Vehicle in Transport,0,No Special Jurisdiction,8,Pedestrian,,0,NOT APPLICABLE,4,Minor Arterial,0,None
10252,/Date(1651427700000-0400)/,ETOWAH (55),1,0,2,1,Alabama,1,2022-05-01 13:55,34.00035278,-85.835827780,1,Clear,,,1,Daylight,0,The First Harmful Event was Not a Collision with a Motor Vehicle in Transport,0,No Special Jurisdiction,30,Utility Pole/Light Support,,1670,HOKES BLUFF,6,Minor Collector,0,None
10255,/Date(1651151280000-0400)/,MONTGOMERY (101),1,0,2,1,Alabama,2,2022-04-28 09:08,32.36833889,-86.071091670,1,Clear,,,1,Daylight,1,Front-to-Rear,0,No Special Jurisdiction,12,Motor Vehicle In-Transport,,2130,MONTGOMERY,1,Interstate,0,None
10258,/Date(1651597200000-0400)/,DEKALB (49),1,0,3,1,Alabama,2,2022-05-03 13:00,34.35651111,-86.014497220,1,Clear,,,1,Daylight,6,Angle,0,No Special Jurisdiction,12,Motor Vehicle In-Transport,,1351,GERALDINE,4,Minor Arterial,0,None
10257,/Date(1651561560000-0400)/,ST. CLAIR (115),1,0,3,1,Alabama,2,2022-05-03 03:06,33.59885278,-86.337725000,10,Cloudy,,,2,Dark - Not Lighted,7,Sideswipe - Same Direction,0,No Special Jurisdiction,12,Motor Vehicle In-Transport,,0,NOT APPLICABLE,1,Interstate,0,None
10256,/Date(1651564200000-0400)/,ST. CLAIR (115),1,0,5,1,Alabama,5,2022-05-03 03:50,33.60226667,-86.307605560,10,Cloudy,,,2,Dark - Not Lighted,1,Front-to-Rear,0,No Special Jurisdiction,12,Motor Vehicle In-Transport,,0,NOT APPLICABLE,1,Interstate,0,None
10259,/Date(1651682700000-0400)/,RANDOLPH (111),2,0,4,1,Alabama,3,2022-05-04 12:45,33.17320833,-85.382088890,1,Clear,,,1,Daylight,1,Front-to-Rear,0,No Special Jurisdiction,12,Motor Vehicle In-Transport,,2640,ROANOKE,3,Principal Arterial - Other,0,None