Crash ID,CrashDate,CountyName,Fatals,Peds,Persons,State,StateName,TotalVehicles,Crash Date,Latitude,Longitude,Weather,Weather Name,Road Function,Road Function Name,Light Condition,Light Condition Name,Manner of Collision,Manner of Collision Name,Speed Limit,Speed Limit Name,Harmful Event,Harmful Event Name,Drunk Drivers,City,City Name,Functional System,Functional System Name,Work Zone,Work Zone Name
10262,/Date(1651769280000-0400)/,MONTGOMERY (101),1,0,3,1,Alabama,2,2022-05-05 12:48,32.04515000,-86.037194440,10,Cloudy,,,1,Daylight,6,Angle,0,No Special Jurisdiction,12,Motor Vehicle In-Transport,,0,NOT APPLICABLE,3,Principal Arterial - Other,0,None
10261,/Date(1651793760000-0400)/,COVINGTON (39),1,0,1,1,Alabama,1,2022-05-05 19:36,31.33737222,-86.199991670,1,Clear,,,5,Dusk,0,The First Harmful Event was Not a Collision with a Motor Vehicle in Transport,0,No Special Jurisdiction,24,Guardrail Face,,0,NOT APPLICABLE,3,Principal Arterial - Other,0,None
10264,/Date(1651799640000-0400)/,MADISON (89),1,0,2,1,Alabama,2,2022-05-05 21:14,34.76572500,-86.572513890,10,Cloudy,,,3,Dark - Lighted,6,Angle,0,No Special Jurisdiction,12,Motor Vehicle In-Transport,,1730,HUNTSVILLE,4,Minor Arterial,0,None
10263,/Date(1651723200000-0400)/,MONTGOMERY (101),1,0,2,1,Alabama,2,2022-05-05 00:00,32.29096944,-86.469055560,1,Clear,,,2,Dark - Not Lighted,7,Sideswipe - Same Direction,0,No Special Jurisdiction,12,Motor Vehicle In-Transport,,0,NOT APPLICABLE,3,Principal Arterial - Other,0,None
10265,/Date(1651970820000-0400)/,LOWNDES (85),1,0,5,1,Alabama,2,2022-05-07 20:47,32.05089444,-86.807522220,1,Clear,,,2,Dark - Not Lighted,6,Angle,0,No Special Jurisdiction,12,Motor Vehicle In-Transport,,0,NOT APPLICABLE,4,Minor Arterial,0,None
10260,/Date(1651676280000-0400)/,WALKER (127),2,0,2,1,Alabama,2,2022-05-04 10:58,33.90985556,-87.500700000,1,Clear,,,1,Daylight,1,Front-to-Rear,0,No Special Jurisdiction,12,Motor Vehicle In-Transport,,0,NOT APPLICABLE,1,Interstate,0,None
10267,/Date(1651937640000-0400)/,RANDOLPH (111),1,0,1,1,Alabama,1,2022-05-07 11:34,33.19617778,-85.263555560,1,Clear,,,1,Daylight,0,The First Harmful Event was Not a Collision with a Motor Vehicle in Transport,0,No Special Jurisdiction,34,Ditch,,0,NOT APPLICABLE,4,Minor Arterial,0,None
10268,/Date(1651947240000-0400)/,LIMESTONE (83),1,0,3,1,Alabama,2,2022-05-07 14:14,34.93030556,-87.121461110,10,Cloudy,,,1,Daylight,6,Angle,0,No Special Jurisdiction,12,Motor Vehicle In-Transport,,0,NOT APPLICABLE,4,Minor Arterial,0,None
10266,/Date(1651909440000-0400)/,TUSCALOOSA (125),1,0,1,1,Alabama,1,2022-05-07 03:44,33.26769167,-87.081452780,1,Clear,,,2,Dark - Not Lighted,0,The First Harmful Event was Not a Collision with a Motor Vehicle in Transport,0,No Special Jurisdiction,30,Utility Pole/Light Support,,0,NOT APPLICABLE,5,Major Collector,0,None
10270,/Date(1652028900000-0400)/,CLAY (27),1,0,1,1,Alabama,1,2022-05-08 12:55,33.23074167,-85.761819440,1,Clear,,,1,Daylight,0,The First Harmful Event was Not a Collision with a Motor Vehicle in Transport,0,No Special Jurisdiction,42,Tree (Standing Only),,0,NOT APPLICABLE,4,Minor Arterial,0,None
10269,/Date(1652067600000-0400)/,SHELBY (117),1,0,2,1,Alabama,2,2022-05-08 23:40,33.30359167,-86.904591670,1,Clear,,,2,Dark - Not Lighted,0,The First Harmful Event was Not a Collision with a Motor Vehicle in Transport,0,No Special Jurisdiction,1,Rollover/Overturn,,0,NOT APPLICABLE,4,Minor Arterial,0,None
10271,/Date(1652127720000-0400)/,MARION (93),1,0,2,1,Alabama,1,2022-05-09 16:22,34.03094722,-87.866461110,1,Clear,,,1,Daylight,0,The First Harmful Event was Not a Collision with a Motor Vehicle in Transport,0,No Special Jurisdiction,52,Guardrail End,,0,NOT APPLICABLE,1,Interstate,0,None
10273,/Date(1651307400000-0400)/,COOSA (37),1,0,1,1,Alabama,1,2022-04-30 04:30,32.96676111,-86.009066670,1,Clear,,,9,Reported as Unknown,0,The First Harmful Event was Not a Collision with a Motor Vehicle in Transport,0,No Special Jurisdiction,42,Tree (Standing Only),,0,NOT APPLICABLE,3,Principal Arterial - Other,0,None
10272,/Date(1657079400000-0400)/,LIMESTONE (83),1,1,2,1,Alabama,1,2022-07-05 23:50,34.79034722,-86.984902780,1,Clear,,,2,Dark - Not Lighted,0,The First Harmful Event was Not a Collision with a Motor Vehicle in Transport,0,No Special Jurisdiction,9,Pedalcyclist,,170,ATHENS,3,Principal Arterial - Other,0,None
10274,/Date(1651968000000-0400)/,JACKSON (71),1,1,1,1,Alabama,1,2022-05-07 20:00,34.67301944,-85.847697220,1,Clear,,,2,Dark - Not Lighted,0,The First Harmful Event was Not a Collision with a Motor Vehicle in Transport,0,No Special Jurisdiction,8,Pedestrian,,0,NOT APPLICABLE,5,Major Collector,0,None
10275,/Date(1652061060000-0400)/,DALE (45),1,0,1,1,Alabama,1,2022-05-08 21:51,31.31753611,-85.491530560,1,Clear,,,3,Dark - Lighted,0,The First Harmful Event was Not a Collision with a Motor Vehicle in Transport,0,No Special Jurisdiction,10,Railway Vehicle,,2050,MIDLAND CITY,7,Local,0,None
10276,/Date(1652118300000-0400)/,TUSCALOOSA (125),1,0,3,1,Alabama,2,2022-05-09 13:45,33.23699722,-87.560966670,1,Clear,,,1,Daylight,6,Angle,0,No Special Jurisdiction,12,Motor Vehicle In-Transport,,2260,NORTHPORT,3,Principal Arterial - Other,1,Construction
10277,/Date(1652236560000-0400)/,HOUSTON (69),1,1,1,1,Alabama,1,2022-05-10 22:36,31.19477222,-85.399616670,1,Clear,,,2,Dark - Not Lighted,0,The First Harmful Event was Not a Collision with a Motor Vehicle in Transport,0,No Special Jurisdiction,8,Pedestrian,,930,DOTHAN,3,Principal Arterial - Other,0,None
10278,/Date(1652181000000-0400)/,COLBERT (33),1,0,4,1,Alabama,2,2022-05-10 07:10,34.65659444,-87.885325000,1,Clear,,,1,Daylight,2,Front-to-Front,0,No Special Jurisdiction,12,Motor Vehicle In-Transport,,0,NOT APPLICABLE,5,Major Collector,0,None
10279,/Date(1652304600000-0400)/,LAWRENCE (79),1,0,2,1,Alabama,2,2022-05-11 17:30,34.50291389,-87.200447220,1,Clear,,,1,Daylight,2,Front-to-Front,0,No Special Jurisdiction,12,Motor Vehicle In-Transport,,0,NOT APPLICABLE,5,Major Collector,0,None
10280,/Date(1652514600000-0400)/,MONTGOMERY (101),1,0,2,1,Alabama,2,2022-05-14 03:50,32.38014167,-86.299844440,1,Clear,,,3,Dark - Lighted,1,Front-to-Rear,0,No Special Jurisdiction,12,Motor Vehicle In-Transport,,2130,MONTGOMERY,3,Principal Arterial - Other,0,None
10282,/Date(1652250900000-0400)/,COFFEE (31),1,0,3,1,Alabama,1,2022-05-11 02:35,31.49305556,-85.910197220,1,Clear,,,2,Dark - Not Lighted,0,The First Harmful Event was Not a Collision with a Motor Vehicle in Transport,0,No Special Jurisdiction,59,Traffic Sign Support ,,0,NOT APPLICABLE,5,Major Collector,0,None
10283,/Date(1652392200000-0400)/,MONTGOMERY (101),1,0,5,1,Alabama,2,2022-05-12 17:50,32.36238889,-86.102022220,1,Clear,,,1,Daylight,2,Front-to-Front,0,No Special Jurisdiction,12,Motor Vehicle In-Transport,,0,NOT APPLICABLE,5,Major Collector,0,None
10285,/Date(1652419620000-0400)/,ESCAMBIA (53),1,0,2,1,Alabama,1,2022-05-13 01:27,31.00570278,-87.307466670,1,Clear,,,3,Dark - Lighted,0,The First Harmful Event was Not a Collision with a Motor Vehicle in Transport,0,No Special Jurisdiction,42,Tree (Standing Only),,1180,FLOMATON,7,Local,0,None
10284,/Date(1652395200000-0400)/,HENRY (67),1,0,1,1,Alabama,1,2022-05-12 18:40,31.32938333,-85.125802780,1,Clear,,,1,Daylight,0,The First Harmful Event was Not a Collision with a Motor Vehicle in Transport,0,No Special Jurisdiction,35,Embankment,,0,NOT APPLICABLE,5,Major Collector,0,None
10286,/Date(1652475600000-0400)/,COVINGTON (39),1,0,2,1,Alabama,2,2022-05-13 17:00,31.34283611,-86.330766670,1,Clear,,,1,Daylight,2,Front-to-Front,0,No Special Jurisdiction,12,Motor Vehicle In-Transport,,0,NOT APPLICABLE,5,Major Collector,0,None
10288,/Date(1652551200000-0400)/,LIMESTONE (83),1,0,6,1,Alabama,2,2022-05-14 14:00,34.74702222,-87.001597220,1,Clear,,,1,Daylight,6,Angle,0,No Special Jurisdiction,12,Motor Vehicle In-Transport,,0,NOT APPLICABLE,7,Local,0,None
10287,/Date(1652503800000-0400)/,SUMTER (119),1,0,2,1,Alabama,1,2022-05-14 00:50,32.81112222,-88.244208330,1,Clear,,,2,Dark - Not Lighted,0,The First Harmful Event was Not a Collision with a Motor Vehicle in Transport,0,No Special Jurisdiction,59,Traffic Sign Support ,,1920,LIVINGSTON,5,Major Collector,0,None
10289,/Date(1652531940000-0400)/,MADISON (89),1,0,1,1,Alabama,1,2022-05-14 08:39,34.71170556,-86.539111110,1,Clear,,,1,Daylight,0,The First Harmful Event was Not a Collision with a Motor Vehicle in Transport,0,No Special Jurisdiction,35,Embankment,,1730,HUNTSVILLE,3,Principal Arterial - Other,0,None
10291,/Date(1652573400000-0400)/,MARSHALL (95),1,0,3,1,Alabama,2,2022-05-14 20:10,34.36343333,-86.352936110,10,Cloudy,,,3,Dark - Lighted,6,Angle,0,No Special Jurisdiction,12,Motor Vehicle In-Transport,,1500,GUNTERSVILLE,4,Minor Arterial,0,None
10290,/Date(1652550000000-0400)/,LIMESTONE (83),1,0,3,1,Alabama,2,2022-05-14 13:40,34.79159722,-87.054230560,1,Clear,,,1,Daylight,6,Angle,0,No Special Jurisdiction,12,Motor Vehicle In-Transport,,0,NOT APPLICABLE,3,Principal Arterial - Other,0,None
10293,/Date(1652637480000-0400)/,COFFEE (31),1,0,6,1,Alabama,2,2022-05-15 13:58,31.27925556,-86.157402780,10,Cloudy,,,1,Daylight,2,Front-to-Front,0,No Special Jurisdiction,12,Motor Vehicle In-Transport,,0,NOT APPLICABLE,5,Major Collector,0,None
10292,/Date(1652655900000-0400)/,PIKE (109),1,0,3,1,Alabama,2,2022-05-15 19:05,31.80967500,-86.020813890,10,Cloudy,,,1,Daylight,2,Front-to-Front,0,No Special Jurisdiction,12,Motor Vehicle In-Transport,,0,NOT APPLICABLE,4,Minor Arterial,0,None
10295,/Date(1652755800000-0400)/,CULLMAN (43),1,0,1,1,Alabama,1,2022-05-16 22:50,34.07990278,-86.739877780,1,Clear,,,2,Dark - Not Lighted,0,The First Harmful Event was Not a Collision with a Motor Vehicle in Transport,0,No Special Jurisdiction,18,Other Object (not fixed),,0,NOT APPLICABLE,4,Minor Arterial,0,None
10294,/Date(1652666100000-0400)/,JEFFERSON (73),1,0,1,1,Alabama,1,2022-05-15 21:55,33.73966111,-86.989277780,1,Clear,,,2,Dark - Not Lighted,0,The First Harmful Event was Not a Collision with a Motor Vehicle in Transport,0,No Special Jurisdiction,42,Tree (Standing Only),,0,NOT APPLICABLE,5,Major Collector,0,None
10296,/Date(1652703600000-0400)/,TALLAPOOSA (123),1,0,1,1,Alabama,1,2022-05-16 08:20,33.00659444,-85.817502780,1,Clear,,,1,Daylight,0,The First Harmful Event was Not a Collision with a Motor Vehicle in Transport,0,No Special Jurisdiction,1,Rollover/Overturn,,0,NOT APPLICABLE,4,Minor Arterial,0,None
10299,/Date(1652676300000-0400)/,WINSTON (133),1,0,1,1,Alabama,1,2022-05-16 00:45,34.06043889,-87.389016670,2,Rain,,,2,Dark - Not Lighted,0,The First Harmful Event was Not a Collision with a Motor Vehicle in Transport,0,No Special Jurisdiction,1,Rollover/Overturn,,0,NOT APPLICABLE,5,Major Collector,0,None
10297,/Date(1652730660000-0400)/,CHOCTAW (23),2,0,4,1,Alabama,2,2022-05-16 15:51,31.77981667,-88.240155560,1,Clear,,,1,Daylight,1,Front-to-Rear,0,No Special Jurisdiction,12,Motor Vehicle In-Transport,,0,NOT APPLICABLE,3,Principal Arterial - Other,1,Construction
10298,/Date(1652719800000-0400)/,MORGAN (103),1,0,4,1,Alabama,2,2022-05-16 12:50,34.37919167,-87.093066670,1,Clear,,,1,Daylight,6,Angle,0,No Special Jurisdiction,12,Motor Vehicle In-Transport,,0,NOT APPLICABLE,3,Principal Arterial - Other,0,None
10300,/Date(1652694000000-0400)/,JEFFERSON (73),1,0,2,1,Alabama,2,2022-05-16 05:40,33.60517500,-86.700208330,1,Clear,,,4,Dawn,2,Front-to-Front,0,No Special Jurisdiction,12,Motor Vehicle In-Transport,,350,BIRMINGHAM,4,Minor Arterial,0,None
10301,/Date(1652739180000-0400)/,LIMESTONE (83),1,0,2,1,Alabama,1,2022-05-16 18:13,34.60838611,-86.843711110,1,Clear,,,1,Daylight,0,The First Harmful Event was Not a Collision with a Motor Vehicle in Transport,0,No Special Jurisdiction,42,Tree (Standing Only),,0,NOT APPLICABLE,5,Major Collector,0,None
10302,/Date(1652748960000-0400)/,RANDOLPH (111),1,1,2,1,Alabama,1,2022-05-16 20:56,33.11803056,-85.560313890,1,Clear,,,2,Dark - Not Lighted,0,The First Harmful Event was Not a Collision with a Motor Vehicle in Transport,0,No Special Jurisdiction,8,Pedestrian,,3160,WADLEY,4,Minor Arterial,0,None
10303,/Date(1652765400000-0400)/,LIMESTONE (83),1,0,1,1,Alabama,1,2022-05-17 01:30,34.65688889,-86.912913890,1,Clear,,,2,Dark - Not Lighted,0,The First Harmful Event was Not a Collision with a Motor Vehicle in Transport,0,No Special Jurisdiction,24,Guardrail Face,,0,NOT APPLICABLE,1,Interstate,0,None
10304,/Date(1652905380000-0400)/,FAYETTE (57),1,0,1,1,Alabama,1,2022-05-18 16:23,33.54025833,-87.825627780,1,Clear,,,1,Daylight,0,The First Harmful Event was Not a Collision with a Motor Vehicle in Transport,0,No Special Jurisdiction,42,Tree (Standing Only),,0,NOT APPLICABLE,5,Major Collector,0,None
10305,/Date(1652930340000-0400)/,ETOWAH (55),1,0,1,1,Alabama,1,2022-05-18 23:19,33.96975833,-85.967902780,1,Clear,,,2,Dark - Not Lighted,0,The First Harmful Event was Not a Collision with a Motor Vehicle in Transport,0,No Special Jurisdiction,1,Rollover/Overturn,,1280,GADSDEN,5,Major Collector,0,None
10307,/Date(1652890140000-0400)/,ST. CLAIR (115),1,0,2,1,Alabama,2,2022-05-18 12:09,33.57188889,-86.482141670,1,Clear,,,1,Daylight,1,Front-to-Rear,0,No Special Jurisdiction,12,Motor Vehicle In-Transport,,2136,MOODY,4,Minor Arterial,0,None
10309,/Date(1653068400000-0400)/,JEFFERSON (73),1,0,1,1,Alabama,1,2022-05-20 13:40,33.53168333,-86.539702780,1,Clear,,,1,Daylight,0,The First Harmful Event was Not a Collision with a Motor Vehicle in Transport,0,No Special Jurisdiction,1,Rollover/Overturn,,1850,LEEDS,4,Minor Arterial,0,None
10306,/Date(1652883660000-0400)/,ST. CLAIR (115),1,0,4,1,Alabama,3,2022-05-18 10:21,33.63581944,-86.324502780,1,Clear,,,1,Daylight,6,Angle,0,No Special Jurisdiction,12,Motor Vehicle In-Transport,,0,NOT APPLICABLE,5,Major Collector,0,None
10311,/Date(1653073200000-0400)/,DEKALB (49),1,0,2,1,Alabama,1,2022-05-20 15:00,34.38096944,-85.656213890,1,Clear,,,1,Daylight,0,The First Harmful Event was Not a Collision with a Motor Vehicle in Transport,0,No Special Jurisdiction,1,Rollover/Overturn,,0,NOT APPLICABLE,5,Major Collector,0,None
10310,/Date(1653067620000-0400)/,SHELBY (117),1,0,5,1,Alabama,2,2022-05-20 13:27,33.21538611,-86.840247220,10,Cloudy,,,1,Daylight,1,Front-to-Rear,0,No Special Jurisdiction,12,Motor Vehicle In-Transport,,47,ALABASTER,5,Major Collector,0,None
10312,/Date(1653097200000-0400)/,LEE (81),1,0,2,1,Alabama,2,2022-05-20 21:40,32.62977222,-85.469075000,1,Clear,,,3,Dark - Lighted,1,Front-to-Rear,0,No Special Jurisdiction,12,Motor Vehicle In-Transport,,200,AUBURN,4,Minor Arterial,0,None
10308,/Date(1653007200000-0400)/,CHAMBERS (17),1,0,1,1,Alabama,1,2022-05-19 20:40,32.98525000,-85.230808330,1,Clear,,,2,Dark - Not Lighted,0,The First Harmful Event was Not a Collision with a Motor Vehicle in Transport,0,No Special Jurisdiction,35,Embankment,,0,NOT APPLICABLE,5,Major Collector,0,None
10313,/Date(1653079500000-0400)/,CALHOUN (15),1,1,2,1,Alabama,3,2022-05-20 16:45,33.92231944,-85.613511110,1,Clear,,,1,Daylight,6,Angle,0,No Special Jurisdiction,12,Motor Vehicle In-Transport,,2460,PIEDMONT,4,Minor Arterial,0,None
10314,/Date(1653104400000-0400)/,DALLAS (47),1,0,1,1,Alabama,1,2022-05-20 23:40,32.46538611,-86.898111110,1,Clear,,,2,Dark - Not Lighted,0,The First Harmful Event was Not a Collision with a Motor Vehicle in Transport,0,No Special Jurisdiction,42,Tree (Standing Only),,0,NOT APPLICABLE,4,Minor Arterial,0,None
10315,/Date(1653091500000-0400)/,CHILTON (21),1,1,1,1,Alabama,1,2022-05-20 20:05,32.81892222,-86.628366670,10,Cloudy,,,2,Dark - Not Lighted,0,The First Harmful Event was Not a Collision with a Motor Vehicle in Transport,0,No Special Jurisdiction,8,Pedestrian,,700,CLANTON,7,Local,0,None
10317,/Date(1653160200000-0400)/,MARION (93),1,0,1,1,Alabama,1,2022-05-21 15:10,34.00915278,-87.830547220,1,Clear,,,1,Daylight,0,The First Harmful Event was Not a Collision with a Motor Vehicle in Transport,0,No Special Jurisdiction,42,Tree (Standing Only),,0,NOT APPLICABLE,1,Interstate,0,None
10320,/Date(1653259080000-0400)/,JEFFERSON (73),1,0,4,1,Alabama,1,2022-05-22 18:38,33.62232500,-86.634816670,10,Cloudy,,,1,Daylight,0,The First Harmful Event was Not a Collision with a Motor Vehicle in Transport,0,No Special Jurisdiction,30,Utility Pole/Light Support,,3080,TRUSSVILLE,1,Interstate,0,None
10319,/Date(1653185760000-0400)/,CALHOUN (15),1,0,1,1,Alabama,1,2022-05-21 22:16,33.62434167,-85.716708330,10,Cloudy,,,2,Dark - Not Lighted,0,The First Harmful Event was Not a Collision with a Motor Vehicle in Transport,0,No Special Jurisdiction,35,Embankment,,0,NOT APPLICABLE,4,Minor Arterial,0,None
10322,/Date(1653329100000-0400)/,BALDWIN (3),1,0,1,1,Alabama,1,2022-05-23 14:05,30.63349167,-87.635877780,10,Cloudy,,,1,Daylight,0,The First Harmful Event was Not a Collision with a Motor Vehicle in Transport,0,No Special Jurisdiction,24,Guardrail Face,,0,NOT APPLICABLE,1,Interstate,0,None
10318,/Date(1653179340000-0400)/,JACKSON (71),2,0,2,1,Alabama,1,2022-05-21 20:29,34.67618056,-86.015472220,10,Cloudy,,,3,Dark - Lighted,0,The First Harmful Event was Not a Collision with a Motor Vehicle in Transport,0,No Special Jurisdiction,34,Ditch,,2720,SCOTTSBORO,4,Minor Arterial,0,None
10316,/Date(1653041400000-0400)/,CULLMAN (43),1,0,2,1,Alabama,2,2022-05-20 06:10,33.88675556,-86.987894440,1,Clear,,,1,Daylight,6,Angle,0,No Special Jurisdiction,12,Motor Vehicle In-Transport,,0,NOT APPLICABLE,5,Major Collector,0,None
10323,/Date(1653338700000-0400)/,MORGAN (103),1,0,2,1,Alabama,2,2022-05-23 16:45,34.47390833,-87.103411110,1,Clear,,,1,Daylight,6,Angle,0,No Special Jurisdiction,12,Motor Vehicle In-Transport,,0,NOT APPLICABLE,5,Major Collector,0,None
10325,/Date(1653296880000-0400)/,DALLAS (47),1,0,1,1,Alabama,1,2022-05-23 05:08,32.30830556,-86.834508330,2,Rain,,,2,Dark - Not Lighted,0,The First Harmful Event was Not a Collision with a Motor Vehicle in Transport,0,No Special Jurisdiction,18,Other Object (not fixed),,0,NOT APPLICABLE,3,Principal Arterial - Other,0,None
10321,/Date(1652977800000-0400)/,MARSHALL (95),1,0,4,1,Alabama,4,2022-05-19 12:30,34.35637778,-86.325905560,1,Clear,,,1,Daylight,2,Front-to-Front,0,No Special Jurisdiction,12,Motor Vehicle In-Transport,,1500,GUNTERSVILLE,4,Minor Arterial,0,None
10326,/Date(1653309900000-0400)/,BLOUNT (9),1,0,3,1,Alabama,2,2022-05-23 08:45,33.85666389,-86.836191670,2,Rain,,,1,Daylight,6,Angle,0,No Special Jurisdiction,12,Motor Vehicle In-Transport,,1600,HAYDEN,5,Major Collector,0,None
10324,/Date(1653257100000-0400)/,HOUSTON (69),1,0,10,1,Alabama,6,2022-05-22 18:05,31.28379167,-85.464302780,2,Rain,,,1,Daylight,0,The First Harmful Event was Not a Collision with a Motor Vehicle in Transport,0,No Special Jurisdiction,30,Utility Pole/Light Support,,930,DOTHAN,3,Principal Arterial - Other,0,None
10327,/Date(1647364320000-0400)/,RUSSELL (113),1,0,2,1,Alabama,2,2022-03-15 13:12,32.44798333,-85.017055560,2,Rain,,,1,Daylight,6,Angle,0,No Special Jurisdiction,12,Motor Vehicle In-Transport,,2440,PHENIX CITY,3,Principal Arterial - Other,0,None
10330,/Date(1644357060000-0500)/,BALDWIN (3),1,0,1,1,Alabama,1,2022-02-08 16:51,30.38710000,-87.647858330,1,Clear,,,1,Daylight,0,The First Harmful Event was Not a Collision with a Motor Vehicle in Transport,0,No Special Jurisdiction,1,Rollover/Overturn,,1210,FOLEY,4,Minor Arterial,0,None
10328,/Date(1649212980000-0400)/,CHILTON (21),1,1,1,1,Alabama,1,2022-04-05 22:43,32.82958611,-86.626261110,1,Clear,,,3,Dark - Lighted,0,The First Harmful Event was Not a Collision with a Motor Vehicle in Transport,0,No Special Jurisdiction,8,Pedestrian,,700,CLANTON,4,Minor Arterial,0,None
10329,/Date(1647211020000-0400)/,BUTLER (13),1,0,1,1,Alabama,1,2022-03-13 18:37,31.80210556,-86.642350000,1,Clear,,,1,Daylight,0,The First Harmful Event was Not a Collision with a Motor Vehicle in Transport,0,No Special Jurisdiction,42,Tree (Standing Only),,1460,GREENVILLE,5,Major Collector,0,None
10332,/Date(1653388200000-0400)/,CHOCTAW (23),1,0,2,1,Alabama,2,2022-05-24 06:30,32.09702778,-88.166605560,2,Rain,,,1,Daylight,2,Front-to-Front,0,No Special Jurisdiction,12,Motor Vehicle In-Transport,,520,BUTLER,4,Minor Arterial,1,Construction
10331,/Date(1653281940000-0400)/,WALKER (127),2,0,4,1,Alabama,2,2022-05-23 00:59,33.74582778,-87.270250000,2,Rain,,,3,Dark - Lighted,2,Front-to-Front,0,No Special Jurisdiction,12,Motor Vehicle In-Transport,,2400,PARRISH,5,Major Collector,0,None
10334,/Date(1653424500000-0400)/,MOBILE (97),3,0,6,1,Alabama,2,2022-05-24 16:35,30.78363889,-88.195563890,10,Cloudy,,,1,Daylight,2,Front-to-Front,0,No Special Jurisdiction,12,Motor Vehicle In-Transport,,0,NOT APPLICABLE,4,Minor Arterial,0,None
10333,/Date(1644132300000-0500)/,JEFFERSON (73),1,0,2,1,Alabama,2,2022-02-06 02:25,33.53163056,-86.824555560,1,Clear,,,3,Dark - Lighted,2,Front-to-Front,0,No Special Jurisdiction,12,Motor Vehicle In-Transport,,350,BIRMINGHAM,1,Interstate,0,None
10335,/Date(1653524400000-0400)/,DALLAS (47),1,0,1,1,Alabama,1,2022-05-25 20:20,32.58364167,-86.968475000,2,Rain,,,2,Dark - Not Lighted,0,The First Harmful Event was Not a Collision with a Motor Vehicle in Transport,0,No Special Jurisdiction,42,Tree (Standing Only),,0,NOT APPLICABLE,4,Minor Arterial,0,None
10337,/Date(1653515100000-0400)/,MOBILE (97),1,0,2,1,Alabama,1,2022-05-25 17:45,30.49641944,-88.233938890,10,Cloudy,,,1,Daylight,0,The First Harmful Event was Not a Collision with a Motor Vehicle in Transport,0,No Special Jurisdiction,34,Ditch,,0,NOT APPLICABLE,5,Major Collector,0,None
10336,/Date(1653455700000-0400)/,MARENGO (91),1,1,1,1,Alabama,1,2022-05-25 01:15,32.41952222,-87.597675000,10,Cloudy,,,2,Dark - Not Lighted,0,The First Harmful Event was Not a Collision with a Motor Vehicle in Transport,0,No Special Jurisdiction,8,Pedestrian,,0,NOT APPLICABLE,5,Major Collector,0,None
10338,/Date(-62135578800000-0500)/,JEFFERSON (73),1,0,1,1,Alabama,1,2022-05-26 99:99,33.79280833,-86.935297220,1,Clear,,,2,Dark - Not Lighted,0,The First Harmful Event was Not a Collision with a Motor Vehicle in Transport,0,No Special Jurisdiction,42,Tree (Standing Only),,0,NOT APPLICABLE,7,Local,0,None
10339,/Date(1653621900000-0400)/,CULLMAN (43),1,0,2,1,Alabama,1,2022-05-26 23:25,34.17838333,-86.655916670,10,Cloudy,,,2,Dark - Not Lighted,0,The First Harmful Event was Not a Collision with a Motor Vehicle in Transport,0,No Special Jurisdiction,53,Mail Box,,0,NOT APPLICABLE,7,Local,0,None
10341,/Date(1653589500000-0400)/,SHELBY (117),1,0,6,1,Alabama,3,2022-05-26 14:25,33.25132778,-86.799444440,2,Rain,,,1,Daylight,7,Sideswipe - Same Direction,0,No Special Jurisdiction,12,Motor Vehicle In-Transport,,0,NOT APPLICABLE,1,Interstate,0,None
10340,/Date(1653565200000-0400)/,MOBILE (97),1,0,4,1,Alabama,2,2022-05-26 07:40,30.63759167,-88.370891670,10,Cloudy,,,1,Daylight,6,Angle,0,No Special Jurisdiction,12,Motor Vehicle In-Transport,,0,NOT APPLICABLE,4,Minor Arterial,0,None
10343,/Date(1653648780000-0400)/,BULLOCK (11),1,0,2,1,Alabama,2,2022-05-27 06:53,32.15243889,-85.702877780,1,Clear,,,1,Daylight,6,Angle,0,No Special Jurisdiction,12,Motor Vehicle In-Transport,,3090,UNION SPRINGS,5,Major Collector,0,None
10345,/Date(1653763440000-0400)/,CULLMAN (43),1,0,2,1,Alabama,2,2022-05-28 14:44,34.16788889,-86.847975000,1,Clear,,,1,Daylight,6,Angle,0,No Special Jurisdiction,12,Motor Vehicle In-Transport,,830,CULLMAN,5,Major Collector,0,None
10342,/Date(1653699360000-0400)/,MOBILE (97),1,0,3,1,Alabama,2,2022-05-27 20:56,30.71244444,-88.130327780,1,Clear,,,3,Dark - Lighted,2,Front-to-Front,0,No Special Jurisdiction,12,Motor Vehicle In-Transport,,2100,MOBILE,3,Principal Arterial - Other,0,None
10346,/Date(1653741660000-0400)/,LEE (81),1,0,6,1,Alabama,3,2022-05-28 08:41,32.67538056,-85.326619440,1,Clear,,,1,Daylight,2,Front-to-Front,0,No Special Jurisdiction,12,Motor Vehicle In-Transport,,2340,OPELIKA,5,Major Collector,0,None