Crash ID,CrashDate,CountyName,Fatals,Peds,Persons,State,StateName,TotalVehicles,Crash Date,Latitude,Longitude,Weather,Weather Name,Road Function,Road Function Name,Light Condition,Light Condition Name,Manner of Collision,Manner of Collision Name,Speed Limit,Speed Limit Name,Harmful Event,Harmful Event Name,Drunk Drivers,City,City Name,Functional System,Functional System Name,Work Zone,Work Zone Name
10344,/Date(1653795060000-0400)/,DALLAS (47),1,0,1,1,Alabama,1,2022-05-28 23:31,32.24255556,-87.407572220,1,Clear,,,2,Dark - Not Lighted,0,The First Harmful Event was Not a Collision with a Motor Vehicle in Transport,0,No Special Jurisdiction,42,Tree (Standing Only),,0,NOT APPLICABLE,3,Principal Arterial - Other,0,None
10347,/Date(1653723480000-0400)/,TALLADEGA (121),1,0,2,1,Alabama,2,2022-05-28 03:38,33.46353611,-86.098066670,1,Clear,,,2,Dark - Not Lighted,2,Front-to-Front,0,No Special Jurisdiction,12,Motor Vehicle In-Transport,,2910,TALLADEGA,3,Principal Arterial - Other,1,Construction
10348,/Date(1653754800000-0400)/,CALHOUN (15),1,0,2,1,Alabama,2,2022-05-28 12:20,33.59405556,-85.906855560,1,Clear,,,1,Daylight,6,Angle,0,No Special Jurisdiction,12,Motor Vehicle In-Transport,,2370,OXFORD,4,Minor Arterial,0,None
10349,/Date(1653848340000-0400)/,MADISON (89),1,0,4,1,Alabama,1,2022-05-29 14:19,34.75335278,-86.625241670,1,Clear,,,1,Daylight,0,The First Harmful Event was Not a Collision with a Motor Vehicle in Transport,0,No Special Jurisdiction,1,Rollover/Overturn,,1730,HUNTSVILLE,7,Local,0,None
10350,/Date(1653860400000-0400)/,ST. CLAIR (115),1,0,3,1,Alabama,2,2022-05-29 17:40,33.59295278,-86.418202780,1,Clear,,,1,Daylight,1,Front-to-Rear,0,No Special Jurisdiction,12,Motor Vehicle In-Transport,,0,NOT APPLICABLE,1,Interstate,0,None
10351,/Date(1653895500000-0400)/,ETOWAH (55),1,0,3,1,Alabama,2,2022-05-30 03:25,34.03546111,-85.966252780,1,Clear,,,2,Dark - Not Lighted,6,Angle,0,No Special Jurisdiction,12,Motor Vehicle In-Transport,,1280,GADSDEN,4,Minor Arterial,0,None
10354,/Date(1653933600000-0400)/,JACKSON (71),1,0,4,1,Alabama,3,2022-05-30 14:00,34.59860556,-86.080847220,1,Clear,,,1,Daylight,2,Front-to-Front,0,No Special Jurisdiction,12,Motor Vehicle In-Transport,,2720,SCOTTSBORO,4,Minor Arterial,0,None
10353,/Date(1653889800000-0400)/,TUSCALOOSA (125),1,0,1,1,Alabama,1,2022-05-30 01:50,33.14801944,-87.621711110,1,Clear,,,2,Dark - Not Lighted,0,The First Harmful Event was Not a Collision with a Motor Vehicle in Transport,0,No Special Jurisdiction,34,Ditch,,0,NOT APPLICABLE,5,Major Collector,0,None
10352,/Date(1653964740000-0400)/,MONTGOMERY (101),1,1,1,1,Alabama,1,2022-05-30 22:39,32.35165556,-86.316575000,1,Clear,,,3,Dark - Lighted,0,The First Harmful Event was Not a Collision with a Motor Vehicle in Transport,0,No Special Jurisdiction,8,Pedestrian,,2130,MONTGOMERY,4,Minor Arterial,0,None
10355,/Date(1653945600000-0400)/,SHELBY (117),1,0,2,1,Alabama,2,2022-05-30 17:20,33.35582500,-86.651016670,1,Clear,,,1,Daylight,6,Angle,0,No Special Jurisdiction,12,Motor Vehicle In-Transport,,0,NOT APPLICABLE,5,Major Collector,0,None
10356,/Date(1654036200000-0400)/,LAUDERDALE (77),1,0,1,1,Alabama,1,2022-05-31 18:30,34.84397222,-87.372519440,1,Clear,,,1,Daylight,0,The First Harmful Event was Not a Collision with a Motor Vehicle in Transport,0,No Special Jurisdiction,52,Guardrail End,,0,NOT APPLICABLE,3,Principal Arterial - Other,0,None
10357,/Date(1654125900000-0400)/,COOSA (37),1,0,2,1,Alabama,1,2022-06-01 19:25,32.99905556,-86.489775000,1,Clear,,,2,Dark - Not Lighted,0,The First Harmful Event was Not a Collision with a Motor Vehicle in Transport,0,No Special Jurisdiction,42,Tree (Standing Only),,0,NOT APPLICABLE,7,Local,0,None
10358,/Date(1654156440000-0400)/,TUSCALOOSA (125),1,1,1,1,Alabama,1,2022-06-02 03:54,33.16969167,-87.552400000,1,Clear,,,3,Dark - Lighted,0,The First Harmful Event was Not a Collision with a Motor Vehicle in Transport,0,No Special Jurisdiction,8,Pedestrian,,3050,TUSCALOOSA,1,Interstate,0,None
10359,/Date(1654081200000-0400)/,BULLOCK (11),1,0,1,1,Alabama,1,2022-06-01 07:00,32.10631389,-85.888477780,1,Clear,,,1,Daylight,0,The First Harmful Event was Not a Collision with a Motor Vehicle in Transport,0,No Special Jurisdiction,42,Tree (Standing Only),,0,NOT APPLICABLE,4,Minor Arterial,0,None
10361,/Date(1654304520000-0400)/,JEFFERSON (73),1,0,3,1,Alabama,2,2022-06-03 21:02,33.48123889,-86.787261110,1,Clear,,,3,Dark - Lighted,1,Front-to-Rear,0,No Special Jurisdiction,12,Motor Vehicle In-Transport,,1710,HOMEWOOD,3,Principal Arterial - Other,0,None
10360,/Date(1654304940000-0400)/,BLOUNT (9),1,0,1,1,Alabama,1,2022-06-03 21:09,33.93442778,-86.660405560,1,Clear,,,2,Dark - Not Lighted,0,The First Harmful Event was Not a Collision with a Motor Vehicle in Transport,0,No Special Jurisdiction,42,Tree (Standing Only),,0,NOT APPLICABLE,5,Major Collector,0,None
10363,/Date(1654371600000-0400)/,BALDWIN (3),1,0,1,1,Alabama,1,2022-06-04 15:40,30.89905556,-87.850966670,1,Clear,,,1,Daylight,0,The First Harmful Event was Not a Collision with a Motor Vehicle in Transport,0,No Special Jurisdiction,59,Traffic Sign Support ,,0,NOT APPLICABLE,4,Minor Arterial,0,None
10364,/Date(1654365600000-0400)/,JACKSON (71),1,0,1,1,Alabama,1,2022-06-04 14:00,34.96735000,-86.222230560,1,Clear,,,1,Daylight,0,The First Harmful Event was Not a Collision with a Motor Vehicle in Transport,0,No Special Jurisdiction,42,Tree (Standing Only),,0,NOT APPLICABLE,5,Major Collector,0,None
10362,/Date(1654368600000-0400)/,MOBILE (97),1,1,2,1,Alabama,1,2022-06-04 14:50,30.65477500,-88.136655560,1,Clear,,,1,Daylight,0,The First Harmful Event was Not a Collision with a Motor Vehicle in Transport,0,No Special Jurisdiction,9,Pedalcyclist,,2100,MOBILE,4,Minor Arterial,0,None
10365,/Date(1654394520000-0400)/,RUSSELL (113),1,0,3,1,Alabama,3,2022-06-04 22:02,32.47533333,-85.040383330,1,Clear,,,3,Dark - Lighted,2,Front-to-Front,0,No Special Jurisdiction,12,Motor Vehicle In-Transport,,2440,PHENIX CITY,3,Principal Arterial - Other,0,None
10366,/Date(1654417800000-0400)/,GREENE (63),1,0,3,1,Alabama,1,2022-06-05 04:30,32.70032778,-88.091666670,1,Clear,,,1,Daylight,0,The First Harmful Event was Not a Collision with a Motor Vehicle in Transport,0,No Special Jurisdiction,24,Guardrail Face,,0,NOT APPLICABLE,5,Major Collector,0,None
10367,/Date(1654566900000-0400)/,MOBILE (97),1,1,1,1,Alabama,1,2022-06-06 21:55,30.56111667,-88.209611110,10,Cloudy,,,3,Dark - Lighted,0,The First Harmful Event was Not a Collision with a Motor Vehicle in Transport,0,No Special Jurisdiction,8,Pedestrian,,0,NOT APPLICABLE,3,Principal Arterial - Other,0,None
10368,/Date(1654543800000-0400)/,BUTLER (13),1,0,1,1,Alabama,1,2022-06-06 15:30,31.83789444,-86.878905560,1,Clear,,,1,Daylight,0,The First Harmful Event was Not a Collision with a Motor Vehicle in Transport,0,No Special Jurisdiction,35,Embankment,,0,NOT APPLICABLE,4,Minor Arterial,0,None
10369,/Date(1654535220000-0400)/,CLEBURNE (29),1,0,1,1,Alabama,1,2022-06-06 13:07,33.60351389,-85.604325000,1,Clear,,,1,Daylight,0,The First Harmful Event was Not a Collision with a Motor Vehicle in Transport,0,No Special Jurisdiction,5,Fell/Jumped from Vehicle,,0,NOT APPLICABLE,4,Minor Arterial,0,None
10370,/Date(1654527300000-0400)/,AUTAUGA (1),1,0,1,1,Alabama,1,2022-06-06 10:55,32.49026944,-86.545941670,10,Cloudy,,,1,Daylight,0,The First Harmful Event was Not a Collision with a Motor Vehicle in Transport,0,No Special Jurisdiction,42,Tree (Standing Only),,0,NOT APPLICABLE,3,Principal Arterial - Other,0,None
10371,/Date(1654552680000-0400)/,BALDWIN (3),1,0,3,1,Alabama,2,2022-06-06 17:58,30.24742778,-87.831255560,1,Clear,,,1,Daylight,2,Front-to-Front,0,No Special Jurisdiction,12,Motor Vehicle In-Transport,,1493,GULF SHORES,5,Major Collector,0,None
10372,/Date(1654647720000-0400)/,MONTGOMERY (101),1,1,1,1,Alabama,1,2022-06-07 20:22,32.37096667,-86.209625000,1,Clear,,,3,Dark - Lighted,0,The First Harmful Event was Not a Collision with a Motor Vehicle in Transport,0,No Special Jurisdiction,8,Pedestrian,,2130,MONTGOMERY,3,Principal Arterial - Other,0,None
10373,/Date(1654701240000-0400)/,TALLAPOOSA (123),1,0,2,1,Alabama,2,2022-06-08 11:14,32.90604444,-85.900930560,2,Rain,,,1,Daylight,7,Sideswipe - Same Direction,0,No Special Jurisdiction,12,Motor Vehicle In-Transport,,60,ALEXANDER CITY,3,Principal Arterial - Other,0,None
10374,/Date(1654719120000-0400)/,MONTGOMERY (101),1,0,4,1,Alabama,4,2022-06-08 16:12,32.33537500,-86.228694440,1,Clear,,,1,Daylight,1,Front-to-Rear,0,No Special Jurisdiction,12,Motor Vehicle In-Transport,,2130,MONTGOMERY,3,Principal Arterial - Other,0,None
10375,/Date(1654798800000-0400)/,MOBILE (97),1,0,1,1,Alabama,1,2022-06-09 14:20,30.66867222,-88.133188890,10,Cloudy,,,1,Daylight,0,The First Harmful Event was Not a Collision with a Motor Vehicle in Transport,0,No Special Jurisdiction,30,Utility Pole/Light Support,,2100,MOBILE,4,Minor Arterial,0,None
10377,/Date(1654806420000-0400)/,RUSSELL (113),1,0,3,1,Alabama,3,2022-06-09 16:27,32.40380556,-85.034897220,1,Clear,,,1,Daylight,1,Front-to-Rear,0,No Special Jurisdiction,12,Motor Vehicle In-Transport,,2440,PHENIX CITY,4,Minor Arterial,0,None
10378,/Date(1654834380000-0400)/,MADISON (89),1,0,1,1,Alabama,1,2022-06-10 00:13,34.80050000,-86.749133330,1,Clear,,,3,Dark - Lighted,0,The First Harmful Event was Not a Collision with a Motor Vehicle in Transport,0,No Special Jurisdiction,34,Ditch,,0,NOT APPLICABLE,5,Major Collector,0,None
10376,/Date(1654824540000-0400)/,BALDWIN (3),1,0,3,1,Alabama,3,2022-06-09 21:29,30.61097500,-87.852066670,1,Clear,,,2,Dark - Not Lighted,8,Sideswipe - Opposite Direction,0,No Special Jurisdiction,12,Motor Vehicle In-Transport,,860,DAPHNE,4,Minor Arterial,0,None
10379,/Date(1654897800000-0400)/,COFFEE (31),1,0,2,1,Alabama,2,2022-06-10 17:50,31.55326944,-85.852025000,1,Clear,,,1,Daylight,2,Front-to-Front,0,No Special Jurisdiction,12,Motor Vehicle In-Transport,,0,NOT APPLICABLE,5,Major Collector,0,None
10380,/Date(1654910100000-0400)/,DALLAS (47),1,0,2,1,Alabama,1,2022-06-10 21:15,32.34055833,-87.199280560,10,Cloudy,,,2,Dark - Not Lighted,0,The First Harmful Event was Not a Collision with a Motor Vehicle in Transport,0,No Special Jurisdiction,5,Fell/Jumped from Vehicle,,0,NOT APPLICABLE,4,Minor Arterial,0,None
10381,/Date(1654943340000-0400)/,TALLAPOOSA (123),1,0,1,1,Alabama,1,2022-06-11 06:29,32.73938056,-85.594494440,1,Clear,,,1,Daylight,0,The First Harmful Event was Not a Collision with a Motor Vehicle in Transport,0,No Special Jurisdiction,59,Traffic Sign Support ,,0,NOT APPLICABLE,3,Principal Arterial - Other,0,None
10382,/Date(1654931820000-0400)/,MOBILE (97),1,0,4,1,Alabama,2,2022-06-11 03:17,30.56879444,-88.219494440,1,Clear,,,2,Dark - Not Lighted,2,Front-to-Front,0,No Special Jurisdiction,12,Motor Vehicle In-Transport,,0,NOT APPLICABLE,3,Principal Arterial - Other,0,None
10383,/Date(1655056560000-0400)/,PICKENS (107),1,0,1,1,Alabama,2,2022-06-12 13:56,33.27111667,-88.094391670,1,Clear,,,1,Daylight,0,The First Harmful Event was Not a Collision with a Motor Vehicle in Transport,0,No Special Jurisdiction,19,Building,,580,CARROLLTON,4,Minor Arterial,0,None
10384,/Date(1655080800000-0400)/,ST. CLAIR (115),1,0,1,1,Alabama,1,2022-06-12 20:40,33.70495278,-86.199275000,1,Clear,,,2,Dark - Not Lighted,0,The First Harmful Event was Not a Collision with a Motor Vehicle in Transport,0,No Special Jurisdiction,53,Mail Box,,0,NOT APPLICABLE,4,Minor Arterial,0,None
10385,/Date(1655156820000-0400)/,GENEVA (61),1,0,1,1,Alabama,1,2022-06-13 17:47,31.16579722,-85.739158330,10,Cloudy,,,1,Daylight,0,The First Harmful Event was Not a Collision with a Motor Vehicle in Transport,0,No Special Jurisdiction,42,Tree (Standing Only),,0,NOT APPLICABLE,4,Minor Arterial,0,None
10387,/Date(1655251320000-0400)/,MOBILE (97),1,0,1,1,Alabama,1,2022-06-14 20:02,30.75739167,-88.093150000,10,Cloudy,,,3,Dark - Lighted,0,The First Harmful Event was Not a Collision with a Motor Vehicle in Transport,0,No Special Jurisdiction,52,Guardrail End,,2100,MOBILE,1,Interstate,0,None
10386,/Date(1655234100000-0400)/,CLEBURNE (29),1,0,5,1,Alabama,3,2022-06-14 15:15,33.58721389,-85.682280560,1,Clear,,,1,Daylight,1,Front-to-Rear,0,No Special Jurisdiction,12,Motor Vehicle In-Transport,,0,NOT APPLICABLE,3,Principal Arterial - Other,0,None
10389,/Date(1655344800000-0400)/,WALKER (127),1,0,1,1,Alabama,1,2022-06-15 22:00,33.84495833,-87.233344440,99,Reported as Unknown,,,9,Reported as Unknown,0,The First Harmful Event was Not a Collision with a Motor Vehicle in Transport,0,No Special Jurisdiction,17,Boulder,,1780,JASPER,7,Local,0,None
10388,/Date(1655287620000-0400)/,FRANKLIN (59),1,0,1,1,Alabama,1,2022-06-15 06:07,34.42492222,-88.153383330,1,Clear,,,4,Dawn,0,The First Harmful Event was Not a Collision with a Motor Vehicle in Transport,0,No Special Jurisdiction,42,Tree (Standing Only),,2570,RED BAY,7,Local,0,None
10392,/Date(1655373600000-0400)/,WILCOX (131),1,0,2,1,Alabama,1,2022-06-16 06:00,31.97968056,-87.210555560,1,Clear,,,4,Dawn,0,The First Harmful Event was Not a Collision with a Motor Vehicle in Transport,0,No Special Jurisdiction,32,Culvert,,0,NOT APPLICABLE,4,Minor Arterial,0,None
10390,/Date(1655277300000-0400)/,DALLAS (47),1,1,1,1,Alabama,1,2022-06-15 03:15,32.41289444,-86.987622220,1,Clear,,,2,Dark - Not Lighted,0,The First Harmful Event was Not a Collision with a Motor Vehicle in Transport,0,No Special Jurisdiction,8,Pedestrian,,0,NOT APPLICABLE,5,Major Collector,0,None
10391,/Date(1655299800000-0400)/,DALLAS (47),1,0,1,1,Alabama,1,2022-06-15 09:30,32.55988611,-86.946919440,10,Cloudy,,,1,Daylight,0,The First Harmful Event was Not a Collision with a Motor Vehicle in Transport,0,No Special Jurisdiction,38,Fence,,0,NOT APPLICABLE,5,Major Collector,0,None
10395,/Date(1655532420000-0400)/,TUSCALOOSA (125),1,0,1,1,Alabama,1,2022-06-18 02:07,33.22250000,-87.540183330,1,Clear,,,3,Dark - Lighted,0,The First Harmful Event was Not a Collision with a Motor Vehicle in Transport,0,No Special Jurisdiction,30,Utility Pole/Light Support,,3050,TUSCALOOSA,4,Minor Arterial,0,None
10394,/Date(1655531880000-0400)/,MOBILE (97),1,0,1,1,Alabama,1,2022-06-18 01:58,31.12489167,-88.099750000,1,Clear,,,2,Dark - Not Lighted,0,The First Harmful Event was Not a Collision with a Motor Vehicle in Transport,0,No Special Jurisdiction,1,Rollover/Overturn,,0,NOT APPLICABLE,5,Major Collector,0,None
10393,/Date(1655607840000-0400)/,TUSCALOOSA (125),1,1,10,1,Alabama,3,2022-06-18 23:04,33.24389722,-87.668958330,1,Clear,,,2,Dark - Not Lighted,0,The First Harmful Event was Not a Collision with a Motor Vehicle in Transport,0,No Special Jurisdiction,8,Pedestrian,,2260,NORTHPORT,3,Principal Arterial - Other,0,None
10396,/Date(1655584260000-0400)/,ETOWAH (55),1,0,1,1,Alabama,1,2022-06-18 16:31,33.99975556,-86.085411110,1,Clear,,,1,Daylight,0,The First Harmful Event was Not a Collision with a Motor Vehicle in Transport,0,No Special Jurisdiction,57,Cable Barrier,,0,NOT APPLICABLE,1,Interstate,0,None
10399,/Date(1655752920000-0400)/,BALDWIN (3),1,0,2,1,Alabama,2,2022-06-20 15:22,30.92634444,-87.694108330,2,Rain,,,1,Daylight,6,Angle,0,No Special Jurisdiction,12,Motor Vehicle In-Transport,,0,NOT APPLICABLE,4,Minor Arterial,0,None
10397,/Date(1655622000000-0400)/,PIKE (109),1,1,1,1,Alabama,1,2022-06-19 03:00,31.84450000,-85.764836110,1,Clear,,,2,Dark - Not Lighted,0,The First Harmful Event was Not a Collision with a Motor Vehicle in Transport,0,No Special Jurisdiction,8,Pedestrian,,0,NOT APPLICABLE,5,Major Collector,0,None
10398,/Date(1655617380000-0400)/,JEFFERSON (73),1,0,2,1,Alabama,2,2022-06-19 01:43,33.52070833,-86.802633330,1,Clear,,,3,Dark - Lighted,6,Angle,0,No Special Jurisdiction,12,Motor Vehicle In-Transport,,330,BESSEMER,5,Major Collector,0,None
10400,/Date(1655712000000-0400)/,MONTGOMERY (101),1,0,1,1,Alabama,1,2022-06-20 04:00,31.98164722,-86.157955560,1,Clear,,,2,Dark - Not Lighted,0,The First Harmful Event was Not a Collision with a Motor Vehicle in Transport,0,No Special Jurisdiction,1,Rollover/Overturn,,0,NOT APPLICABLE,6,Minor Collector,0,None
10402,/Date(1655928180000-0400)/,LEE (81),1,1,2,1,Alabama,1,2022-06-22 16:03,32.63504722,-85.423761110,1,Clear,,,1,Daylight,0,The First Harmful Event was Not a Collision with a Motor Vehicle in Transport,0,No Special Jurisdiction,8,Pedestrian,,2340,OPELIKA,3,Principal Arterial - Other,0,None
10401,/Date(1655753880000-0400)/,CHAMBERS (17),1,0,1,1,Alabama,1,2022-06-20 15:38,33.09245278,-85.277619440,1,Clear,,,1,Daylight,0,The First Harmful Event was Not a Collision with a Motor Vehicle in Transport,0,No Special Jurisdiction,34,Ditch,,0,NOT APPLICABLE,5,Major Collector,0,None
10403,/Date(1656008220000-0400)/,TALLADEGA (121),1,0,1,1,Alabama,1,2022-06-23 14:17,33.49496944,-86.170747220,1,Clear,,,1,Daylight,0,The First Harmful Event was Not a Collision with a Motor Vehicle in Transport,0,No Special Jurisdiction,1,Rollover/Overturn,,0,NOT APPLICABLE,7,Local,0,None
10404,/Date(1656016800000-0400)/,LAUDERDALE (77),2,0,3,1,Alabama,2,2022-06-23 16:40,34.81287778,-87.250516670,1,Clear,,,1,Daylight,6,Angle,0,No Special Jurisdiction,12,Motor Vehicle In-Transport,,2670,ROGERSVILLE,3,Principal Arterial - Other,0,None
10405,/Date(1656071700000-0400)/,SHELBY (117),1,0,1,1,Alabama,1,2022-06-24 07:55,33.34995278,-86.585011110,1,Clear,,,1,Daylight,0,The First Harmful Event was Not a Collision with a Motor Vehicle in Transport,0,No Special Jurisdiction,33,Curb,,0,NOT APPLICABLE,3,Principal Arterial - Other,1,Construction
10406,/Date(1656074160000-0400)/,JACKSON (71),1,0,1,1,Alabama,1,2022-06-24 08:36,34.80109444,-85.870272220,1,Clear,,,1,Daylight,0,The First Harmful Event was Not a Collision with a Motor Vehicle in Transport,0,No Special Jurisdiction,35,Embankment,,2850,STEVENSON,3,Principal Arterial - Other,0,None
10410,/Date(1656258600000-0400)/,MORGAN (103),1,0,1,1,Alabama,1,2022-06-26 11:50,34.33191389,-86.847430560,1,Clear,,,1,Daylight,0,The First Harmful Event was Not a Collision with a Motor Vehicle in Transport,0,No Special Jurisdiction,42,Tree (Standing Only),,0,NOT APPLICABLE,7,Local,0,None
10407,/Date(1656202620000-0400)/,RUSSELL (113),1,0,2,1,Alabama,2,2022-06-25 20:17,32.25259444,-85.003302780,1,Clear,,,2,Dark - Not Lighted,6,Angle,0,No Special Jurisdiction,12,Motor Vehicle In-Transport,,0,NOT APPLICABLE,5,Major Collector,0,None
10408,/Date(1656186960000-0400)/,TALLADEGA (121),1,0,3,1,Alabama,3,2022-06-25 15:56,33.16391389,-86.291286110,10,Cloudy,,,1,Daylight,2,Front-to-Front,0,No Special Jurisdiction,12,Motor Vehicle In-Transport,,0,NOT APPLICABLE,5,Major Collector,0,None
10413,/Date(1656184200000-0400)/,RUSSELL (113),1,1,1,1,Alabama,1,2022-06-25 15:10,32.46017500,-85.145605560,1,Clear,,,1,Daylight,0,The First Harmful Event was Not a Collision with a Motor Vehicle in Transport,0,No Special Jurisdiction,8,Pedestrian,,0,NOT APPLICABLE,3,Principal Arterial - Other,0,None
10414,/Date(1656199200000-0400)/,FRANKLIN (59),1,0,1,1,Alabama,1,2022-06-25 19:20,34.42435833,-87.580363890,1,Clear,,,1,Daylight,0,The First Harmful Event was Not a Collision with a Motor Vehicle in Transport,0,No Special Jurisdiction,1,Rollover/Overturn,,0,NOT APPLICABLE,5,Major Collector,0,None
10412,/Date(1656211320000-0400)/,TALLADEGA (121),1,0,2,1,Alabama,1,2022-06-25 22:42,33.28031944,-86.301186110,10,Cloudy,,,2,Dark - Not Lighted,0,The First Harmful Event was Not a Collision with a Motor Vehicle in Transport,0,No Special Jurisdiction,1,Rollover/Overturn,,0,NOT APPLICABLE,5,Major Collector,0,None
10415,/Date(1659320940000-0400)/,RUSSELL (113),1,0,1,1,Alabama,1,2022-07-31 22:29,32.26304444,-85.270988890,10,Cloudy,,,2,Dark - Not Lighted,0,The First Harmful Event was Not a Collision with a Motor Vehicle in Transport,0,No Special Jurisdiction,42,Tree (Standing Only),,0,NOT APPLICABLE,7,Local,0,None
10417,/Date(1655416020000-0400)/,JEFFERSON (73),1,0,1,1,Alabama,1,2022-06-16 17:47,33.48373333,-86.860544440,1,Clear,,,1,Daylight,0,The First Harmful Event was Not a Collision with a Motor Vehicle in Transport,0,No Special Jurisdiction,10,Railway Vehicle,,350,BIRMINGHAM,5,Major Collector,0,None
10416,/Date(1660666920000-0400)/,LIMESTONE (83),1,0,2,1,Alabama,2,2022-08-16 12:22,34.77773889,-86.918194440,10,Cloudy,,,1,Daylight,6,Angle,0,No Special Jurisdiction,12,Motor Vehicle In-Transport,,170,ATHENS,3,Principal Arterial - Other,0,None
10418,/Date(1655881200000-0400)/,TUSCALOOSA (125),1,0,1,1,Alabama,1,2022-06-22 03:00,33.18625833,-87.584211110,1,Clear,,,3,Dark - Lighted,0,The First Harmful Event was Not a Collision with a Motor Vehicle in Transport,0,No Special Jurisdiction,33,Curb,,3050,TUSCALOOSA,5,Major Collector,0,None
10419,/Date(1656291600000-0400)/,JEFFERSON (73),1,0,1,1,Alabama,1,2022-06-26 21:00,33.52536944,-86.970088890,10,Cloudy,,,2,Dark - Not Lighted,0,The First Harmful Event was Not a Collision with a Motor Vehicle in Transport,0,No Special Jurisdiction,1,Rollover/Overturn,,350,BIRMINGHAM,7,Local,0,None
10420,/Date(1656079800000-0400)/,GENEVA (61),1,0,3,1,Alabama,2,2022-06-24 10:10,31.18992500,-85.837358330,1,Clear,,,1,Daylight,0,The First Harmful Event was Not a Collision with a Motor Vehicle in Transport,0,No Special Jurisdiction,1,Rollover/Overturn,,0,NOT APPLICABLE,5,Major Collector,0,None
10421,/Date(1656282420000-0400)/,JEFFERSON (73),1,0,1,1,Alabama,1,2022-06-26 18:27,33.46876667,-86.882986110,10,Cloudy,,,1,Daylight,0,The First Harmful Event was Not a Collision with a Motor Vehicle in Transport,0,No Special Jurisdiction,10,Railway Vehicle,,350,BIRMINGHAM,4,Minor Arterial,0,None
10422,/Date(1656319500000-0400)/,ST. CLAIR (115),1,0,3,1,Alabama,3,2022-06-27 04:45,33.57836389,-86.471227780,10,Cloudy,,,2,Dark - Not Lighted,0,The First Harmful Event was Not a Collision with a Motor Vehicle in Transport,0,No Special Jurisdiction,25,Concrete Traffic Barrier,,0,NOT APPLICABLE,1,Interstate,0,None
10423,/Date(1656368220000-0400)/,LIMESTONE (83),1,1,1,1,Alabama,1,2022-06-27 18:17,34.84999167,-87.071083330,1,Clear,,,1,Daylight,0,The First Harmful Event was Not a Collision with a Motor Vehicle in Transport,0,No Special Jurisdiction,8,Pedestrian,,0,NOT APPLICABLE,5,Major Collector,0,None
10424,/Date(1656437400000-0400)/,JEFFERSON (73),1,0,3,1,Alabama,2,2022-06-28 13:30,33.57834722,-86.711658330,1,Clear,,,1,Daylight,1,Front-to-Rear,0,No Special Jurisdiction,12,Motor Vehicle In-Transport,,350,BIRMINGHAM,1,Interstate,0,None
10425,/Date(1656495600000-0400)/,DEKALB (49),1,0,1,1,Alabama,1,2022-06-29 05:40,34.36415556,-85.765991670,10,Cloudy,,,1,Daylight,0,The First Harmful Event was Not a Collision with a Motor Vehicle in Transport,0,No Special Jurisdiction,11,Live Animal,,0,NOT APPLICABLE,5,Major Collector,0,None
10428,/Date(1656584820000-0400)/,JEFFERSON (73),1,0,1,1,Alabama,2,2022-06-30 06:27,33.47522500,-86.875522220,10,Cloudy,,,1,Daylight,0,The First Harmful Event was Not a Collision with a Motor Vehicle in Transport,0,No Special Jurisdiction,33,Curb,,350,BIRMINGHAM,4,Minor Arterial,0,None
10427,/Date(1656531240000-0400)/,LIMESTONE (83),1,0,3,1,Alabama,1,2022-06-29 15:34,34.66330000,-86.950261110,1,Clear,,,1,Daylight,0,The First Harmful Event was Not a Collision with a Motor Vehicle in Transport,0,No Special Jurisdiction,59,Traffic Sign Support ,,0,NOT APPLICABLE,3,Principal Arterial - Other,0,None
10429,/Date(1656644400000-0400)/,BALDWIN (3),1,0,8,1,Alabama,4,2022-06-30 23:00,30.23372500,-87.935869440,1,Clear,,,2,Dark - Not Lighted,2,Front-to-Front,0,No Special Jurisdiction,12,Motor Vehicle In-Transport,,0,NOT APPLICABLE,5,Major Collector,0,None