Crash ID,CrashDate,CountyName,Fatals,Peds,Persons,State,StateName,TotalVehicles,Crash Date,Latitude,Longitude,Weather,Weather Name,Road Function,Road Function Name,Light Condition,Light Condition Name,Manner of Collision,Manner of Collision Name,Speed Limit,Speed Limit Name,Harmful Event,Harmful Event Name,Drunk Drivers,City,City Name,Functional System,Functional System Name,Work Zone,Work Zone Name
10430,/Date(1656700920000-0400)/,GENEVA (61),1,0,3,1,Alabama,2,2022-07-01 14:42,31.02199167,-85.891469440,1,Clear,,,1,Daylight,2,Front-to-Front,0,No Special Jurisdiction,12,Motor Vehicle In-Transport,,1340,GENEVA,5,Major Collector,0,None
10426,/Date(1656507600000-0400)/,WALKER (127),1,0,2,1,Alabama,2,2022-06-29 09:00,33.63586111,-87.152077780,1,Clear,,,1,Daylight,2,Front-to-Front,0,No Special Jurisdiction,12,Motor Vehicle In-Transport,,0,NOT APPLICABLE,5,Major Collector,0,None
10432,/Date(1656816600000-0400)/,LAWRENCE (79),2,0,4,1,Alabama,2,2022-07-02 22:50,34.48454444,-87.433752780,1,Clear,,,2,Dark - Not Lighted,6,Angle,0,No Special Jurisdiction,12,Motor Vehicle In-Transport,,0,NOT APPLICABLE,3,Principal Arterial - Other,0,None
10433,/Date(1656747000000-0400)/,JEFFERSON (73),1,0,2,1,Alabama,2,2022-07-02 03:30,33.52272222,-86.849488890,1,Clear,,,3,Dark - Lighted,1,Front-to-Rear,0,No Special Jurisdiction,12,Motor Vehicle In-Transport,,350,BIRMINGHAM,1,Interstate,0,None
10431,/Date(1656678600000-0400)/,LAWRENCE (79),1,0,2,1,Alabama,2,2022-07-01 08:30,34.67222500,-87.291830560,10,Cloudy,,,1,Daylight,1,Front-to-Rear,0,No Special Jurisdiction,12,Motor Vehicle In-Transport,,800,COURTLAND,3,Principal Arterial - Other,0,None
10434,/Date(1656742500000-0400)/,LAWRENCE (79),1,0,1,1,Alabama,1,2022-07-02 02:15,34.57177500,-87.370352780,1,Clear,,,2,Dark - Not Lighted,0,The First Harmful Event was Not a Collision with a Motor Vehicle in Transport,0,No Special Jurisdiction,42,Tree (Standing Only),,0,NOT APPLICABLE,7,Local,0,None
10435,/Date(1656744600000-0400)/,LOWNDES (85),1,0,2,1,Alabama,2,2022-07-02 02:50,32.12626111,-86.449405560,10,Cloudy,,,2,Dark - Not Lighted,1,Front-to-Rear,0,No Special Jurisdiction,12,Motor Vehicle In-Transport,,0,NOT APPLICABLE,1,Interstate,0,None
10437,/Date(1656825600000-0400)/,JEFFERSON (73),1,0,1,1,Alabama,1,2022-07-03 01:20,33.44212500,-86.890513890,1,Clear,,,3,Dark - Lighted,0,The First Harmful Event was Not a Collision with a Motor Vehicle in Transport,0,No Special Jurisdiction,42,Tree (Standing Only),,350,BIRMINGHAM,4,Minor Arterial,0,None
10436,/Date(1656757740000-0400)/,MADISON (89),1,0,10,1,Alabama,3,2022-07-02 06:29,34.66399167,-86.781455560,1,Clear,,,1,Daylight,1,Front-to-Rear,0,No Special Jurisdiction,12,Motor Vehicle In-Transport,,1730,HUNTSVILLE,1,Interstate,0,None
10439,/Date(1656846600000-0400)/,COFFEE (31),1,0,1,1,Alabama,1,2022-07-03 07:10,31.31125556,-85.818355560,1,Clear,,,1,Daylight,0,The First Harmful Event was Not a Collision with a Motor Vehicle in Transport,0,No Special Jurisdiction,42,Tree (Standing Only),,1030,ENTERPRISE,5,Major Collector,0,None
10440,/Date(1656878400000-0400)/,JACKSON (71),1,0,2,1,Alabama,1,2022-07-03 16:00,34.88742778,-85.810858330,2,Rain,,,1,Daylight,0,The First Harmful Event was Not a Collision with a Motor Vehicle in Transport,0,No Special Jurisdiction,32,Culvert,,480,BRIDGEPORT,3,Principal Arterial - Other,0,None
10438,/Date(1656834000000-0400)/,TUSCALOOSA (125),2,0,6,1,Alabama,3,2022-07-03 03:40,33.18801944,-87.329933330,1,Clear,,,2,Dark - Not Lighted,2,Front-to-Front,0,No Special Jurisdiction,12,Motor Vehicle In-Transport,,0,NOT APPLICABLE,1,Interstate,0,None
10441,/Date(1656833400000-0400)/,CALHOUN (15),1,0,2,1,Alabama,1,2022-07-03 03:30,33.84524444,-85.758658330,1,Clear,,,2,Dark - Not Lighted,0,The First Harmful Event was Not a Collision with a Motor Vehicle in Transport,0,No Special Jurisdiction,53,Mail Box,,0,NOT APPLICABLE,5,Major Collector,0,None
10442,/Date(1656894360000-0400)/,MADISON (89),1,0,4,1,Alabama,2,2022-07-03 20:26,34.77132778,-86.621138890,2,Rain,,,3,Dark - Lighted,2,Front-to-Front,0,No Special Jurisdiction,12,Motor Vehicle In-Transport,,1730,HUNTSVILLE,5,Major Collector,0,None
10443,/Date(1657060920000-0400)/,MADISON (89),1,0,1,1,Alabama,1,2022-07-05 18:42,34.70314722,-86.598836110,1,Clear,,,1,Daylight,0,The First Harmful Event was Not a Collision with a Motor Vehicle in Transport,0,No Special Jurisdiction,42,Tree (Standing Only),,1730,HUNTSVILLE,5,Major Collector,0,None
10444,/Date(1656988980000-0400)/,MOBILE (97),1,0,1,1,Alabama,1,2022-07-04 22:43,30.62901389,-88.083358330,10,Cloudy,,,3,Dark - Lighted,0,The First Harmful Event was Not a Collision with a Motor Vehicle in Transport,0,No Special Jurisdiction,18,Other Object (not fixed),,2100,MOBILE,7,Local,0,None
10446,/Date(1657182660000-0400)/,COLBERT (33),1,0,1,1,Alabama,1,2022-07-07 04:31,34.77473611,-87.446311110,1,Clear,,,2,Dark - Not Lighted,0,The First Harmful Event was Not a Collision with a Motor Vehicle in Transport,0,No Special Jurisdiction,42,Tree (Standing Only),,0,NOT APPLICABLE,5,Major Collector,0,None
10445,/Date(1656830400000-0400)/,ESCAMBIA (53),1,1,3,1,Alabama,2,2022-07-03 02:40,31.02627778,-87.414066670,5,"Fog, Smog, Smoke",,,2,Dark - Not Lighted,0,The First Harmful Event was Not a Collision with a Motor Vehicle in Transport,0,No Special Jurisdiction,14,Parked Motor Vehicle,,0,NOT APPLICABLE,4,Minor Arterial,0,None
10447,/Date(1656996660000-0400)/,TUSCALOOSA (125),1,0,3,1,Alabama,2,2022-07-05 00:51,33.16651944,-87.525708330,1,Clear,,,2,Dark - Not Lighted,6,Angle,0,No Special Jurisdiction,12,Motor Vehicle In-Transport,,3050,TUSCALOOSA,3,Principal Arterial - Other,0,None
10449,/Date(1657191540000-0400)/,BALDWIN (3),1,0,2,1,Alabama,2,2022-07-07 06:59,30.56773056,-87.611247220,1,Clear,,,1,Daylight,2,Front-to-Front,0,No Special Jurisdiction,12,Motor Vehicle In-Transport,,0,NOT APPLICABLE,4,Minor Arterial,0,None
10450,/Date(1657186500000-0400)/,TUSCALOOSA (125),1,0,1,1,Alabama,1,2022-07-07 05:35,33.21280556,-87.200316670,1,Clear,,,4,Dawn,0,The First Harmful Event was Not a Collision with a Motor Vehicle in Transport,0,No Special Jurisdiction,34,Ditch,,0,NOT APPLICABLE,1,Interstate,0,None
10448,/Date(1657225800000-0400)/,MONROE (99),1,0,1,1,Alabama,1,2022-07-07 16:30,31.77688056,-86.994011110,1,Clear,,,1,Daylight,0,The First Harmful Event was Not a Collision with a Motor Vehicle in Transport,0,No Special Jurisdiction,42,Tree (Standing Only),,0,NOT APPLICABLE,5,Major Collector,0,None
10453,/Date(1657252800000-0400)/,ETOWAH (55),1,1,3,1,Alabama,1,2022-07-08 00:00,34.18293611,-86.144411110,1,Clear,,,3,Dark - Lighted,0,The First Harmful Event was Not a Collision with a Motor Vehicle in Transport,0,No Special Jurisdiction,9,Pedalcyclist,,2719,SARDIS CITY,3,Principal Arterial - Other,0,None
10454,/Date(1657330200000-0400)/,LAWRENCE (79),1,0,1,1,Alabama,1,2022-07-08 21:30,34.45861944,-87.436966670,1,Clear,,,2,Dark - Not Lighted,0,The First Harmful Event was Not a Collision with a Motor Vehicle in Transport,0,No Special Jurisdiction,34,Ditch,,0,NOT APPLICABLE,5,Major Collector,0,None
10451,/Date(1657213920000-0400)/,CHEROKEE (19),1,0,3,1,Alabama,2,2022-07-07 13:12,34.25984167,-85.579416670,1,Clear,,,1,Daylight,1,Front-to-Rear,0,No Special Jurisdiction,12,Motor Vehicle In-Transport,,0,NOT APPLICABLE,4,Minor Arterial,0,None
10452,/Date(1657236300000-0400)/,JEFFERSON (73),1,0,4,1,Alabama,1,2022-07-07 19:25,33.55886389,-86.820463890,1,Clear,,,5,Dusk,0,The First Harmful Event was Not a Collision with a Motor Vehicle in Transport,0,No Special Jurisdiction,33,Curb,,350,BIRMINGHAM,4,Minor Arterial,0,None
10455,/Date(1657337700000-0400)/,LOWNDES (85),1,0,3,1,Alabama,1,2022-07-08 23:35,32.33000278,-86.535600000,10,Cloudy,,,2,Dark - Not Lighted,0,The First Harmful Event was Not a Collision with a Motor Vehicle in Transport,0,No Special Jurisdiction,42,Tree (Standing Only),,0,NOT APPLICABLE,5,Major Collector,0,None
10456,/Date(1657306200000-0400)/,MONROE (99),1,0,4,1,Alabama,1,2022-07-08 14:50,31.44038611,-87.293727780,1,Clear,,,1,Daylight,0,The First Harmful Event was Not a Collision with a Motor Vehicle in Transport,0,No Special Jurisdiction,1,Rollover/Overturn,,0,NOT APPLICABLE,7,Local,0,None
10457,/Date(1657343400000-0400)/,MOBILE (97),1,0,3,1,Alabama,2,2022-07-09 01:10,30.74137500,-88.058447220,1,Clear,,,3,Dark - Lighted,6,Angle,0,No Special Jurisdiction,12,Motor Vehicle In-Transport,,2100,MOBILE,4,Minor Arterial,0,None
10458,/Date(1657389600000-0400)/,JEFFERSON (73),1,0,2,1,Alabama,2,2022-07-09 14:00,33.54451111,-86.758938890,1,Clear,,,1,Daylight,7,Sideswipe - Same Direction,0,No Special Jurisdiction,12,Motor Vehicle In-Transport,,350,BIRMINGHAM,1,Interstate,0,None
10460,/Date(1657411260000-0400)/,TUSCALOOSA (125),1,0,4,1,Alabama,2,2022-07-09 20:01,33.18859722,-87.299491670,2,Rain,,,2,Dark - Not Lighted,1,Front-to-Rear,0,No Special Jurisdiction,12,Motor Vehicle In-Transport,,0,NOT APPLICABLE,1,Interstate,0,None
10459,/Date(1657390380000-0400)/,TALLAPOOSA (123),1,0,1,1,Alabama,1,2022-07-09 14:13,33.09719722,-85.921469440,10,Cloudy,,,1,Daylight,0,The First Harmful Event was Not a Collision with a Motor Vehicle in Transport,0,No Special Jurisdiction,42,Tree (Standing Only),,0,NOT APPLICABLE,5,Major Collector,0,None
10461,/Date(1657339500000-0400)/,CULLMAN (43),1,0,1,1,Alabama,1,2022-07-09 00:05,34.04926667,-86.835983330,1,Clear,,,2,Dark - Not Lighted,0,The First Harmful Event was Not a Collision with a Motor Vehicle in Transport,0,No Special Jurisdiction,1,Rollover/Overturn,,0,NOT APPLICABLE,5,Major Collector,0,None
10462,/Date(1657491600000-0400)/,LAUDERDALE (77),1,0,2,1,Alabama,2,2022-07-10 18:20,34.93185000,-87.784766670,1,Clear,,,1,Daylight,1,Front-to-Rear,0,No Special Jurisdiction,12,Motor Vehicle In-Transport,,0,NOT APPLICABLE,5,Major Collector,0,None
10464,/Date(1657518720000-0400)/,WALKER (127),1,0,1,1,Alabama,1,2022-07-11 01:52,33.69588611,-87.253886110,1,Clear,,,2,Dark - Not Lighted,0,The First Harmful Event was Not a Collision with a Motor Vehicle in Transport,0,No Special Jurisdiction,32,Culvert,,0,NOT APPLICABLE,5,Major Collector,0,None
10463,/Date(1657491600000-0400)/,CHEROKEE (19),1,0,1,1,Alabama,1,2022-07-10 18:20,34.18128333,-85.524138890,10,Cloudy,,,1,Daylight,0,The First Harmful Event was Not a Collision with a Motor Vehicle in Transport,0,No Special Jurisdiction,32,Culvert,,0,NOT APPLICABLE,5,Major Collector,0,None
10466,/Date(1657518960000-0400)/,MARSHALL (95),1,1,1,1,Alabama,1,2022-07-11 01:56,34.26540000,-86.191980560,1,Clear,,,2,Dark - Not Lighted,0,The First Harmful Event was Not a Collision with a Motor Vehicle in Transport,0,No Special Jurisdiction,8,Pedestrian,,50,ALBERTVILLE,3,Principal Arterial - Other,0,None
10465,/Date(1657568100000-0400)/,LEE (81),1,2,2,1,Alabama,2,2022-07-11 15:35,32.61624167,-85.371419440,1,Clear,,,1,Daylight,0,The First Harmful Event was Not a Collision with a Motor Vehicle in Transport,0,No Special Jurisdiction,45,Working Motor Vehicle ,,2340,OPELIKA,4,Minor Arterial,1,Construction
10467,/Date(1657561140000-0400)/,ETOWAH (55),1,0,3,1,Alabama,3,2022-07-11 13:39,34.03778611,-86.022075000,1,Clear,,,1,Daylight,0,The First Harmful Event was Not a Collision with a Motor Vehicle in Transport,0,No Special Jurisdiction,1,Rollover/Overturn,,1280,GADSDEN,4,Minor Arterial,0,None
10469,/Date(1657686720000-0400)/,TUSCALOOSA (125),1,0,1,1,Alabama,1,2022-07-13 00:32,33.19850278,-87.560400000,1,Clear,,,3,Dark - Lighted,0,The First Harmful Event was Not a Collision with a Motor Vehicle in Transport,0,No Special Jurisdiction,10,Railway Vehicle,,3050,TUSCALOOSA,5,Major Collector,0,None
10468,/Date(1657627260000-0400)/,TALLADEGA (121),1,1,1,1,Alabama,1,2022-07-12 08:01,33.58135278,-86.109194440,1,Clear,,,1,Daylight,0,The First Harmful Event was Not a Collision with a Motor Vehicle in Transport,0,No Special Jurisdiction,9,Pedalcyclist,,1870,LINCOLN,5,Major Collector,0,None
10470,/Date(1657749180000-0400)/,ETOWAH (55),1,1,1,1,Alabama,1,2022-07-13 17:53,34.01729167,-86.067538890,1,Clear,,,1,Daylight,0,The First Harmful Event was Not a Collision with a Motor Vehicle in Transport,0,No Special Jurisdiction,9,Pedalcyclist,,1280,GADSDEN,7,Local,0,None
10472,/Date(1657841760000-0400)/,MACON (87),1,0,3,1,Alabama,1,2022-07-14 19:36,32.36564722,-85.658538890,10,Cloudy,,,5,Dusk,0,The First Harmful Event was Not a Collision with a Motor Vehicle in Transport,0,No Special Jurisdiction,34,Ditch,,0,NOT APPLICABLE,4,Minor Arterial,0,None
10471,/Date(1657770600000-0400)/,JEFFERSON (73),1,0,3,1,Alabama,2,2022-07-13 23:50,33.43850556,-86.723858330,1,Clear,,,3,Dark - Lighted,6,Angle,0,No Special Jurisdiction,12,Motor Vehicle In-Transport,,350,BIRMINGHAM,3,Principal Arterial - Other,0,None
10474,/Date(1657823160000-0400)/,CALHOUN (15),1,0,1,1,Alabama,1,2022-07-14 14:26,33.61632778,-85.693588890,1,Clear,,,1,Daylight,0,The First Harmful Event was Not a Collision with a Motor Vehicle in Transport,0,No Special Jurisdiction,34,Ditch,,0,NOT APPLICABLE,1,Interstate,0,None
10473,/Date(1657822500000-0400)/,LIMESTONE (83),1,0,3,1,Alabama,2,2022-07-14 14:15,34.93335278,-86.798080560,1,Clear,,,1,Daylight,6,Angle,0,No Special Jurisdiction,12,Motor Vehicle In-Transport,,0,NOT APPLICABLE,6,Minor Collector,0,None
10475,/Date(1657802940000-0400)/,JACKSON (71),1,1,1,1,Alabama,2,2022-07-14 08:49,34.67038056,-86.037305560,1,Clear,,,1,Daylight,0,The First Harmful Event was Not a Collision with a Motor Vehicle in Transport,0,No Special Jurisdiction,14,Parked Motor Vehicle,,2720,SCOTTSBORO,7,Local,0,None
10476,/Date(1658020800000-0400)/,CHEROKEE (19),1,0,4,1,Alabama,1,2022-07-16 21:20,33.98699444,-85.711244440,1,Clear,,,2,Dark - Not Lighted,0,The First Harmful Event was Not a Collision with a Motor Vehicle in Transport,0,No Special Jurisdiction,34,Ditch,,0,NOT APPLICABLE,5,Major Collector,0,None
10477,/Date(1658363700000-0400)/,COLBERT (33),1,1,1,1,Alabama,1,2022-07-20 20:35,34.78708056,-87.582933330,1,Clear,,,2,Dark - Not Lighted,0,The First Harmful Event was Not a Collision with a Motor Vehicle in Transport,0,No Special Jurisdiction,8,Pedestrian,,0,NOT APPLICABLE,4,Minor Arterial,0,None
10479,/Date(1658496120000-0400)/,CHEROKEE (19),1,0,1,1,Alabama,1,2022-07-22 09:22,34.13520278,-85.571705560,1,Clear,,,1,Daylight,0,The First Harmful Event was Not a Collision with a Motor Vehicle in Transport,0,No Special Jurisdiction,34,Ditch,,0,NOT APPLICABLE,5,Major Collector,0,None
10480,/Date(1658522400000-0400)/,CHILTON (21),1,0,1,1,Alabama,1,2022-07-22 16:40,32.74724444,-86.718977780,1,Clear,,,1,Daylight,0,The First Harmful Event was Not a Collision with a Motor Vehicle in Transport,0,No Special Jurisdiction,34,Ditch,,0,NOT APPLICABLE,5,Major Collector,0,None
10478,/Date(1658317740000-0400)/,SHELBY (117),1,0,2,1,Alabama,2,2022-07-20 07:49,33.15924444,-86.722594440,1,Clear,,,1,Daylight,6,Angle,0,No Special Jurisdiction,12,Motor Vehicle In-Transport,,530,CALERA,4,Minor Arterial,0,None
10483,/Date(1658611800000-0400)/,LAWRENCE (79),1,0,2,1,Alabama,2,2022-07-23 17:30,34.41363056,-87.308941670,1,Clear,,,1,Daylight,2,Front-to-Front,0,No Special Jurisdiction,12,Motor Vehicle In-Transport,,0,NOT APPLICABLE,5,Major Collector,0,None
10482,/Date(1658335800000-0400)/,MOBILE (97),2,0,7,1,Alabama,4,2022-07-20 12:50,30.88645833,-88.029369440,10,Cloudy,,,1,Daylight,1,Front-to-Rear,0,No Special Jurisdiction,12,Motor Vehicle In-Transport,,0,NOT APPLICABLE,1,Interstate,0,None
10481,/Date(1658441220000-0400)/,LIMESTONE (83),1,0,5,1,Alabama,3,2022-07-21 18:07,34.76358611,-86.859272220,1,Clear,,,1,Daylight,6,Angle,0,No Special Jurisdiction,12,Motor Vehicle In-Transport,,0,NOT APPLICABLE,3,Principal Arterial - Other,0,None
10484,/Date(1658715300000-0400)/,CHOCTAW (23),1,0,1,1,Alabama,1,2022-07-24 22:15,31.84175833,-88.227416670,1,Clear,,,2,Dark - Not Lighted,0,The First Harmful Event was Not a Collision with a Motor Vehicle in Transport,0,No Special Jurisdiction,42,Tree (Standing Only),,0,NOT APPLICABLE,5,Major Collector,0,None
10486,/Date(1658686920000-0400)/,JEFFERSON (73),1,0,1,1,Alabama,1,2022-07-24 14:22,33.51046389,-86.878105560,1,Clear,,,1,Daylight,0,The First Harmful Event was Not a Collision with a Motor Vehicle in Transport,0,No Special Jurisdiction,24,Guardrail Face,,350,BIRMINGHAM,1,Interstate,0,None
10485,/Date(1658719020000-0400)/,MARSHALL (95),1,0,1,1,Alabama,1,2022-07-24 23:17,34.27991667,-86.238116670,1,Clear,,,2,Dark - Not Lighted,0,The First Harmful Event was Not a Collision with a Motor Vehicle in Transport,0,No Special Jurisdiction,42,Tree (Standing Only),,50,ALBERTVILLE,7,Local,0,None
10487,/Date(1658709000000-0400)/,MORGAN (103),1,0,2,1,Alabama,2,2022-07-24 20:30,34.50077500,-86.601169440,1,Clear,,,2,Dark - Not Lighted,6,Angle,0,No Special Jurisdiction,12,Motor Vehicle In-Transport,,0,NOT APPLICABLE,3,Principal Arterial - Other,0,None
10489,/Date(1658726640000-0400)/,JEFFERSON (73),1,0,3,1,Alabama,2,2022-07-25 01:24,33.61794444,-86.613872220,1,Clear,,,2,Dark - Not Lighted,2,Front-to-Front,0,No Special Jurisdiction,12,Motor Vehicle In-Transport,,0,NOT APPLICABLE,3,Principal Arterial - Other,0,None
10488,/Date(1658644200000-0400)/,MACON (87),1,0,1,1,Alabama,1,2022-07-24 02:30,32.47906944,-85.562777780,1,Clear,,,2,Dark - Not Lighted,0,The First Harmful Event was Not a Collision with a Motor Vehicle in Transport,0,No Special Jurisdiction,32,Culvert,,0,NOT APPLICABLE,5,Major Collector,0,None
10490,/Date(1658760840000-0400)/,MONTGOMERY (101),1,0,8,1,Alabama,5,2022-07-25 10:54,32.34156944,-86.211338890,1,Clear,,,1,Daylight,98,Not Reported,0,No Special Jurisdiction,12,Motor Vehicle In-Transport,,2130,MONTGOMERY,3,Principal Arterial - Other,0,None
10491,/Date(1658790660000-0400)/,ETOWAH (55),1,0,2,1,Alabama,1,2022-07-25 19:11,34.05955278,-86.036483330,1,Clear,,,1,Daylight,0,The First Harmful Event was Not a Collision with a Motor Vehicle in Transport,0,No Special Jurisdiction,42,Tree (Standing Only),,0,NOT APPLICABLE,1,Interstate,0,None
10492,/Date(1658882220000-0400)/,ETOWAH (55),1,0,2,1,Alabama,2,2022-07-26 20:37,33.95441667,-86.142394440,1,Clear,,,2,Dark - Not Lighted,1,Front-to-Rear,0,No Special Jurisdiction,12,Motor Vehicle In-Transport,,0,NOT APPLICABLE,1,Interstate,0,None
10493,/Date(1659052620000-0400)/,WALKER (127),1,0,1,1,Alabama,1,2022-07-28 19:57,33.72855000,-87.150450000,1,Clear,,,2,Dark - Not Lighted,0,The First Harmful Event was Not a Collision with a Motor Vehicle in Transport,0,No Special Jurisdiction,42,Tree (Standing Only),,0,NOT APPLICABLE,7,Local,0,None
10494,/Date(1659046800000-0400)/,ETOWAH (55),1,0,1,1,Alabama,1,2022-07-28 18:20,34.01959167,-86.203625000,1,Clear,,,1,Daylight,0,The First Harmful Event was Not a Collision with a Motor Vehicle in Transport,0,No Special Jurisdiction,42,Tree (Standing Only),,0,NOT APPLICABLE,7,Local,0,None
10495,/Date(1659086400000-0400)/,HENRY (67),1,0,1,1,Alabama,1,2022-07-29 05:20,31.64971389,-85.280680560,5,"Fog, Smog, Smoke",,,4,Dawn,0,The First Harmful Event was Not a Collision with a Motor Vehicle in Transport,0,No Special Jurisdiction,42,Tree (Standing Only),,0,NOT APPLICABLE,3,Principal Arterial - Other,0,None
10496,/Date(1659146400000-0400)/,TUSCALOOSA (125),1,0,3,1,Alabama,2,2022-07-29 22:00,33.25712778,-87.752930560,10,Cloudy,,,2,Dark - Not Lighted,2,Front-to-Front,0,No Special Jurisdiction,12,Motor Vehicle In-Transport,,0,NOT APPLICABLE,5,Major Collector,0,None
10497,/Date(1658429940000-0400)/,MOBILE (97),1,0,2,1,Alabama,2,2022-07-21 14:59,30.82561667,-88.368552780,1,Clear,,,1,Daylight,2,Front-to-Front,0,No Special Jurisdiction,12,Motor Vehicle In-Transport,,0,NOT APPLICABLE,3,Principal Arterial - Other,0,None
10499,/Date(1659148200000-0400)/,ST. CLAIR (115),1,0,1,1,Alabama,1,2022-07-29 22:30,33.93519444,-86.207047220,2,Rain,,,2,Dark - Not Lighted,0,The First Harmful Event was Not a Collision with a Motor Vehicle in Transport,0,No Special Jurisdiction,30,Utility Pole/Light Support,,0,NOT APPLICABLE,5,Major Collector,0,None
10498,/Date(1659096600000-0400)/,CHAMBERS (17),1,0,3,1,Alabama,3,2022-07-29 08:10,32.74529722,-85.275791670,1,Clear,,,1,Daylight,6,Angle,0,No Special Jurisdiction,12,Motor Vehicle In-Transport,,0,NOT APPLICABLE,5,Major Collector,0,None
10500,/Date(1659203160000-0400)/,CHILTON (21),1,0,2,1,Alabama,2,2022-07-30 13:46,32.87264444,-86.652433330,1,Clear,,,1,Daylight,6,Angle,0,No Special Jurisdiction,12,Motor Vehicle In-Transport,,700,CLANTON,4,Minor Arterial,0,None
10501,/Date(1659315840000-0400)/,MADISON (89),1,0,2,1,Alabama,1,2022-07-31 21:04,34.75213889,-86.646441670,10,Cloudy,,,3,Dark - Lighted,0,The First Harmful Event was Not a Collision with a Motor Vehicle in Transport,0,No Special Jurisdiction,42,Tree (Standing Only),,1730,HUNTSVILLE,5,Major Collector,0,None
10503,/Date(1659321000000-0400)/,PIKE (109),1,0,1,1,Alabama,1,2022-07-31 22:30,31.69885556,-85.959083330,1,Clear,,,2,Dark - Not Lighted,0,The First Harmful Event was Not a Collision with a Motor Vehicle in Transport,0,No Special Jurisdiction,42,Tree (Standing Only),,0,NOT APPLICABLE,4,Minor Arterial,0,None
10502,/Date(1659276360000-0400)/,DEKALB (49),1,0,3,1,Alabama,3,2022-07-31 10:06,34.39777778,-85.634608330,1,Clear,,,1,Daylight,1,Front-to-Rear,0,No Special Jurisdiction,12,Motor Vehicle In-Transport,,0,NOT APPLICABLE,3,Principal Arterial - Other,0,None
10504,/Date(1659247140000-0400)/,ETOWAH (55),1,0,1,1,Alabama,1,2022-07-31 01:59,33.99693889,-86.097302780,10,Cloudy,,,3,Dark - Lighted,0,The First Harmful Event was Not a Collision with a Motor Vehicle in Transport,0,No Special Jurisdiction,34,Ditch,,190,ATTALLA,3,Principal Arterial - Other,0,None
10505,/Date(1659324540000-0400)/,MONTGOMERY (101),1,0,1,1,Alabama,1,2022-07-31 23:29,32.31278056,-86.242738890,1,Clear,,,3,Dark - Lighted,0,The First Harmful Event was Not a Collision with a Motor Vehicle in Transport,0,No Special Jurisdiction,30,Utility Pole/Light Support,,2130,MONTGOMERY,7,Local,0,None
10506,/Date(1659374700000-0400)/,BALDWIN (3),1,0,2,1,Alabama,2,2022-08-01 13:25,30.62846667,-87.612047220,2,Rain,,,1,Daylight,0,The First Harmful Event was Not a Collision with a Motor Vehicle in Transport,0,No Special Jurisdiction,14,Parked Motor Vehicle,,0,NOT APPLICABLE,1,Interstate,0,None
10507,/Date(1659331800000-0400)/,JEFFERSON (73),1,1,1,1,Alabama,1,2022-08-01 01:30,33.50509167,-86.862605560,10,Cloudy,,,2,Dark - Not Lighted,0,The First Harmful Event was Not a Collision with a Motor Vehicle in Transport,0,No Special Jurisdiction,8,Pedestrian,,350,BIRMINGHAM,3,Principal Arterial - Other,0,None
10509,/Date(1659331260000-0400)/,CULLMAN (43),2,0,2,1,Alabama,1,2022-08-01 01:21,34.23502222,-86.674219440,10,Cloudy,,,2,Dark - Not Lighted,0,The First Harmful Event was Not a Collision with a Motor Vehicle in Transport,0,No Special Jurisdiction,30,Utility Pole/Light Support,,0,NOT APPLICABLE,5,Major Collector,0,None
10508,/Date(1659391740000-0400)/,JEFFERSON (73),1,0,1,1,Alabama,1,2022-08-01 18:09,33.43219444,-86.953391670,10,Cloudy,,,1,Daylight,0,The First Harmful Event was Not a Collision with a Motor Vehicle in Transport,0,No Special Jurisdiction,57,Cable Barrier,,330,BESSEMER,1,Interstate,0,None
10510,/Date(1659428040000-0400)/,JEFFERSON (73),1,1,1,1,Alabama,1,2022-08-02 04:14,33.56707778,-86.638436110,10,Cloudy,,,2,Dark - Not Lighted,0,The First Harmful Event was Not a Collision with a Motor Vehicle in Transport,0,No Special Jurisdiction,8,Pedestrian,,0,NOT APPLICABLE,1,Interstate,0,None
10511,/Date(1659487200000-0400)/,MOBILE (97),1,1,1,1,Alabama,1,2022-08-02 20:40,30.50303056,-88.255908330,1,Clear,,,2,Dark - Not Lighted,0,The First Harmful Event was Not a Collision with a Motor Vehicle in Transport,0,No Special Jurisdiction,8,Pedestrian,,0,NOT APPLICABLE,4,Minor Arterial,0,None