Crash ID,CrashDate,CountyName,Fatals,Peds,Persons,State,StateName,TotalVehicles,Crash Date,Latitude,Longitude,Weather,Weather Name,Road Function,Road Function Name,Light Condition,Light Condition Name,Manner of Collision,Manner of Collision Name,Speed Limit,Speed Limit Name,Harmful Event,Harmful Event Name,Drunk Drivers,City,City Name,Functional System,Functional System Name,Work Zone,Work Zone Name
10597,/Date(1662259500000-0400)/,DALLAS (47),1,0,1,1,Alabama,1,2022-09-03 22:45,32.23147500,-86.994944440,10,Cloudy,,,2,Dark - Not Lighted,0,The First Harmful Event was Not a Collision with a Motor Vehicle in Transport,0,No Special Jurisdiction,59,Traffic Sign Support ,,0,NOT APPLICABLE,4,Minor Arterial,0,None
10600,/Date(1662178500000-0400)/,TALLADEGA (121),1,0,1,1,Alabama,1,2022-09-03 00:15,33.49625833,-86.178127780,1,Clear,,,2,Dark - Not Lighted,0,The First Harmful Event was Not a Collision with a Motor Vehicle in Transport,0,No Special Jurisdiction,34,Ditch,,0,NOT APPLICABLE,7,Local,0,None
10599,/Date(1662288000000-0400)/,AUTAUGA (1),2,0,2,1,Alabama,1,2022-09-04 06:40,32.52241389,-86.440319440,10,Cloudy,,,1,Daylight,0,The First Harmful Event was Not a Collision with a Motor Vehicle in Transport,0,No Special Jurisdiction,42,Tree (Standing Only),,0,NOT APPLICABLE,1,Interstate,0,None
10601,/Date(1667209500000-0400)/,MOBILE (97),1,0,2,1,Alabama,2,2022-10-31 05:45,31.00484722,-88.025794440,1,Clear,,,2,Dark - Not Lighted,6,Angle,0,No Special Jurisdiction,12,Motor Vehicle In-Transport,,0,NOT APPLICABLE,3,Principal Arterial - Other,0,None
10604,/Date(1662139800000-0400)/,BALDWIN (3),1,0,4,1,Alabama,3,2022-09-02 13:30,30.41451111,-87.526044440,2,Rain,,,1,Daylight,0,The First Harmful Event was Not a Collision with a Motor Vehicle in Transport,0,No Special Jurisdiction,1,Rollover/Overturn,,0,NOT APPLICABLE,3,Principal Arterial - Other,0,None
10603,/Date(1662206700000-0400)/,ST. CLAIR (115),1,0,3,1,Alabama,2,2022-09-03 08:05,33.78243333,-86.231833330,10,Cloudy,,,1,Daylight,6,Angle,0,No Special Jurisdiction,12,Motor Vehicle In-Transport,,0,NOT APPLICABLE,5,Major Collector,0,None
10602,/Date(1665696900000-0400)/,BULLOCK (11),1,0,3,1,Alabama,2,2022-10-13 17:35,32.21462778,-85.906375000,1,Clear,,,2,Dark - Not Lighted,8,Sideswipe - Opposite Direction,0,No Special Jurisdiction,12,Motor Vehicle In-Transport,,0,NOT APPLICABLE,4,Minor Arterial,0,None
10606,/Date(1662268140000-0400)/,MADISON (89),1,0,1,1,Alabama,1,2022-09-04 01:09,34.76181389,-86.673083330,2,Rain,,,2,Dark - Not Lighted,0,The First Harmful Event was Not a Collision with a Motor Vehicle in Transport,0,No Special Jurisdiction,1,Rollover/Overturn,,1730,HUNTSVILLE,2,Principal Arterial - Other Freeways and Expressways,0,None
10605,/Date(1662040620000-0400)/,ETOWAH (55),1,0,3,1,Alabama,3,2022-09-01 09:57,33.87372222,-86.035763890,1,Clear,,,1,Daylight,1,Front-to-Rear,0,No Special Jurisdiction,12,Motor Vehicle In-Transport,,2822,SOUTHSIDE,3,Principal Arterial - Other,0,None
10607,/Date(1662333900000-0400)/,AUTAUGA (1),1,1,1,1,Alabama,1,2022-09-04 19:25,32.45502222,-86.485177780,2,Rain,,,3,Dark - Lighted,0,The First Harmful Event was Not a Collision with a Motor Vehicle in Transport,0,No Special Jurisdiction,8,Pedestrian,,2540,PRATTVILLE,5,Major Collector,0,None
10608,/Date(1662271200000-0400)/,GREENE (63),1,0,2,1,Alabama,2,2022-09-04 02:00,32.82434444,-87.986780560,5,"Fog, Smog, Smoke",,,2,Dark - Not Lighted,1,Front-to-Rear,0,No Special Jurisdiction,12,Motor Vehicle In-Transport,,0,NOT APPLICABLE,1,Interstate,0,None
10611,/Date(1662425400000-0400)/,BULLOCK (11),1,1,1,1,Alabama,1,2022-09-05 20:50,32.16826389,-85.889333330,1,Clear,,,1,Daylight,0,The First Harmful Event was Not a Collision with a Motor Vehicle in Transport,0,No Special Jurisdiction,8,Pedestrian,,0,NOT APPLICABLE,5,Major Collector,0,None
10609,/Date(1662357600000-0400)/,DEKALB (49),1,0,1,1,Alabama,1,2022-09-05 02:00,34.78055278,-85.632038890,10,Cloudy,,,2,Dark - Not Lighted,0,The First Harmful Event was Not a Collision with a Motor Vehicle in Transport,0,No Special Jurisdiction,42,Tree (Standing Only),,0,NOT APPLICABLE,5,Major Collector,0,None
10610,/Date(1662357900000-0400)/,MADISON (89),1,0,1,1,Alabama,1,2022-09-05 02:05,34.73603056,-86.609469440,10,Cloudy,,,6,Dark - Unknown Lighting,0,The First Harmful Event was Not a Collision with a Motor Vehicle in Transport,0,No Special Jurisdiction,30,Utility Pole/Light Support,,1730,HUNTSVILLE,3,Principal Arterial - Other,0,None
10613,/Date(1662487200000-0400)/,JEFFERSON (73),1,0,2,1,Alabama,2,2022-09-06 14:00,33.46516944,-86.953627780,1,Clear,,,1,Daylight,6,Angle,0,No Special Jurisdiction,12,Motor Vehicle In-Transport,,350,BIRMINGHAM,7,Local,0,None
10615,/Date(1662479400000-0400)/,MADISON (89),1,0,2,1,Alabama,1,2022-09-06 11:50,34.61390833,-86.374986110,1,Clear,,,1,Daylight,0,The First Harmful Event was Not a Collision with a Motor Vehicle in Transport,0,No Special Jurisdiction,1,Rollover/Overturn,,0,NOT APPLICABLE,5,Major Collector,0,None
10612,/Date(1662370200000-0400)/,CHAMBERS (17),2,0,7,1,Alabama,2,2022-09-05 05:30,32.85049444,-85.262069440,5,"Fog, Smog, Smoke",,,2,Dark - Not Lighted,2,Front-to-Front,0,No Special Jurisdiction,12,Motor Vehicle In-Transport,,0,NOT APPLICABLE,4,Minor Arterial,0,None
10614,/Date(1662470340000-0400)/,BLOUNT (9),1,0,1,1,Alabama,1,2022-09-06 09:19,33.94814444,-86.472583330,10,Cloudy,,,1,Daylight,0,The First Harmful Event was Not a Collision with a Motor Vehicle in Transport,0,No Special Jurisdiction,43,Other Fixed Object,,2330,ONEONTA,4,Minor Arterial,0,None
10616,/Date(1662468600000-0400)/,MORGAN (103),1,0,3,1,Alabama,2,2022-09-06 08:50,34.46895556,-86.704919440,1,Clear,,,1,Daylight,2,Front-to-Front,0,No Special Jurisdiction,12,Motor Vehicle In-Transport,,0,NOT APPLICABLE,4,Minor Arterial,0,None
10617,/Date(1662532320000-0400)/,MONTGOMERY (101),1,1,1,1,Alabama,1,2022-09-07 02:32,32.32693333,-86.288466670,1,Clear,,,6,Dark - Unknown Lighting,0,The First Harmful Event was Not a Collision with a Motor Vehicle in Transport,0,No Special Jurisdiction,8,Pedestrian,,2130,MONTGOMERY,7,Local,0,None
10618,/Date(1662573180000-0400)/,LIMESTONE (83),1,0,1,1,Alabama,1,2022-09-07 13:53,34.75228333,-86.824336110,1,Clear,,,1,Daylight,0,The First Harmful Event was Not a Collision with a Motor Vehicle in Transport,0,No Special Jurisdiction,30,Utility Pole/Light Support,,0,NOT APPLICABLE,3,Principal Arterial - Other,0,None
10619,/Date(1662722700000-0400)/,LIMESTONE (83),1,0,5,1,Alabama,2,2022-09-09 07:25,34.75399722,-87.072286110,1,Clear,,,1,Daylight,6,Angle,0,No Special Jurisdiction,12,Motor Vehicle In-Transport,,0,NOT APPLICABLE,5,Major Collector,0,None
10620,/Date(1662755220000-0400)/,LOWNDES (85),1,0,3,1,Alabama,2,2022-09-09 16:27,32.15730278,-86.435697220,10,Cloudy,,,1,Daylight,1,Front-to-Rear,0,No Special Jurisdiction,12,Motor Vehicle In-Transport,,0,NOT APPLICABLE,1,Interstate,0,None
10621,/Date(1662849600000-0400)/,ETOWAH (55),1,0,1,1,Alabama,1,2022-09-10 18:40,34.04537778,-85.814494440,10,Cloudy,,,3,Dark - Lighted,0,The First Harmful Event was Not a Collision with a Motor Vehicle in Transport,0,No Special Jurisdiction,32,Culvert,,0,NOT APPLICABLE,5,Major Collector,0,None
10622,/Date(1662840600000-0400)/,CHILTON (21),1,0,1,1,Alabama,1,2022-09-10 16:10,32.98464722,-86.668658330,10,Cloudy,,,1,Daylight,0,The First Harmful Event was Not a Collision with a Motor Vehicle in Transport,0,No Special Jurisdiction,1,Rollover/Overturn,,0,NOT APPLICABLE,5,Major Collector,0,None
10624,/Date(1662894000000-0400)/,MACON (87),1,0,1,1,Alabama,1,2022-09-11 07:00,32.42904444,-85.680200000,2,Rain,,,1,Daylight,0,The First Harmful Event was Not a Collision with a Motor Vehicle in Transport,0,No Special Jurisdiction,35,Embankment,,3070,TUSKEGEE,4,Minor Arterial,0,None
10623,/Date(1662860220000-0400)/,MONTGOMERY (101),1,1,1,1,Alabama,1,2022-09-10 21:37,32.32723056,-86.258788890,1,Clear,,,3,Dark - Lighted,0,The First Harmful Event was Not a Collision with a Motor Vehicle in Transport,0,No Special Jurisdiction,8,Pedestrian,,2130,MONTGOMERY,3,Principal Arterial - Other,0,None
10626,/Date(1662939000000-0400)/,JEFFERSON (73),1,0,2,1,Alabama,1,2022-09-11 19:30,33.45302500,-86.885052780,2,Rain,,,3,Dark - Lighted,0,The First Harmful Event was Not a Collision with a Motor Vehicle in Transport,0,No Special Jurisdiction,1,Rollover/Overturn,,350,BIRMINGHAM,5,Major Collector,0,None
10625,/Date(1662873780000-0400)/,MOBILE (97),2,0,4,1,Alabama,2,2022-09-11 01:23,30.73423889,-88.116694440,1,Clear,,,2,Dark - Not Lighted,2,Front-to-Front,0,No Special Jurisdiction,12,Motor Vehicle In-Transport,,2100,MOBILE,5,Major Collector,0,None
10628,/Date(1662995160000-0400)/,MONTGOMERY (101),1,0,2,1,Alabama,2,2022-09-12 11:06,32.35898889,-86.247588890,1,Clear,,,1,Daylight,1,Front-to-Rear,0,No Special Jurisdiction,12,Motor Vehicle In-Transport,,2130,MONTGOMERY,1,Interstate,0,None
10627,/Date(1662920520000-0400)/,BLOUNT (9),1,0,3,1,Alabama,2,2022-09-11 14:22,33.99470556,-86.582272220,1,Clear,,,1,Daylight,6,Angle,0,No Special Jurisdiction,12,Motor Vehicle In-Transport,,715,CLEVELAND,7,Local,0,None
10629,/Date(1663084800000-0400)/,TALLAPOOSA (123),2,0,2,1,Alabama,1,2022-09-13 12:00,32.91053611,-85.673877780,1,Clear,,,1,Daylight,0,The First Harmful Event was Not a Collision with a Motor Vehicle in Transport,0,No Special Jurisdiction,35,Embankment,,0,NOT APPLICABLE,5,Major Collector,0,None
10631,/Date(1663300200000-0400)/,JEFFERSON (73),1,0,1,1,Alabama,1,2022-09-15 23:50,33.42729722,-86.944125000,1,Clear,,,3,Dark - Lighted,0,The First Harmful Event was Not a Collision with a Motor Vehicle in Transport,0,No Special Jurisdiction,5,Fell/Jumped from Vehicle,,330,BESSEMER,3,Principal Arterial - Other,0,None
10630,/Date(1663186500000-0400)/,BUTLER (13),1,0,2,1,Alabama,1,2022-09-14 16:15,31.65696111,-86.768900000,1,Clear,,,1,Daylight,0,The First Harmful Event was Not a Collision with a Motor Vehicle in Transport,0,No Special Jurisdiction,23,Bridge Rail (Includes parapet),,0,NOT APPLICABLE,1,Interstate,0,None
10632,/Date(1663238100000-0400)/,CHEROKEE (19),1,0,1,1,Alabama,1,2022-09-15 06:35,34.23611667,-85.509827780,1,Clear,,,1,Daylight,0,The First Harmful Event was Not a Collision with a Motor Vehicle in Transport,0,No Special Jurisdiction,32,Culvert,,0,NOT APPLICABLE,7,Local,0,None
10633,/Date(1663290000000-0400)/,PIKE (109),2,0,2,1,Alabama,1,2022-09-15 21:00,31.66619722,-85.937452780,1,Clear,,,2,Dark - Not Lighted,0,The First Harmful Event was Not a Collision with a Motor Vehicle in Transport,0,No Special Jurisdiction,38,Fence,,0,NOT APPLICABLE,6,Minor Collector,0,None
10634,/Date(1663325280000-0400)/,LEE (81),1,0,2,1,Alabama,2,2022-09-16 06:48,32.56704444,-85.378661110,1,Clear,,,4,Dawn,8,Sideswipe - Opposite Direction,0,No Special Jurisdiction,12,Motor Vehicle In-Transport,,0,NOT APPLICABLE,4,Minor Arterial,0,None
10635,/Date(1663365660000-0400)/,RUSSELL (113),1,0,5,1,Alabama,2,2022-09-16 18:01,32.29931111,-85.180030560,1,Clear,,,1,Daylight,6,Angle,0,No Special Jurisdiction,12,Motor Vehicle In-Transport,,0,NOT APPLICABLE,4,Minor Arterial,0,None
10636,/Date(1663460100000-0400)/,HOUSTON (69),1,1,2,1,Alabama,1,2022-09-17 20:15,31.21690000,-85.374719440,1,Clear,,,3,Dark - Lighted,0,The First Harmful Event was Not a Collision with a Motor Vehicle in Transport,0,No Special Jurisdiction,9,Pedalcyclist,,930,DOTHAN,5,Major Collector,0,None
10637,/Date(1663440600000-0400)/,LIMESTONE (83),1,0,2,1,Alabama,1,2022-09-17 14:50,34.86104167,-86.853088890,1,Clear,,,1,Daylight,0,The First Harmful Event was Not a Collision with a Motor Vehicle in Transport,0,No Special Jurisdiction,42,Tree (Standing Only),,0,NOT APPLICABLE,5,Major Collector,0,None
10639,/Date(1663467900000-0400)/,MADISON (89),1,0,1,1,Alabama,1,2022-09-17 22:25,34.62295833,-86.766044440,1,Clear,,,2,Dark - Not Lighted,0,The First Harmful Event was Not a Collision with a Motor Vehicle in Transport,0,No Special Jurisdiction,26,Other Traffic Barrier,,1730,HUNTSVILLE,4,Minor Arterial,1,Construction
10638,/Date(1663458900000-0400)/,AUTAUGA (1),1,0,4,1,Alabama,3,2022-09-17 19:55,32.43073333,-86.507919440,1,Clear,,,3,Dark - Lighted,2,Front-to-Front,0,No Special Jurisdiction,12,Motor Vehicle In-Transport,,2540,PRATTVILLE,4,Minor Arterial,0,None
10640,/Date(1663420380000-0400)/,DEKALB (49),1,0,3,1,Alabama,2,2022-09-17 09:13,34.52847778,-85.829650000,1,Clear,,,1,Daylight,2,Front-to-Front,0,No Special Jurisdiction,12,Motor Vehicle In-Transport,,2564,RAINSVILLE,6,Minor Collector,0,None
10641,/Date(1663479540000-0400)/,SHELBY (117),1,0,4,1,Alabama,4,2022-09-18 01:39,33.29223889,-86.797905560,1,Clear,,,2,Dark - Not Lighted,1,Front-to-Rear,0,No Special Jurisdiction,12,Motor Vehicle In-Transport,,2405,PELHAM,1,Interstate,0,None
10642,/Date(1663505400000-0400)/,CLEBURNE (29),1,0,1,1,Alabama,1,2022-09-18 08:50,33.61674167,-85.666180560,1,Clear,,,1,Daylight,0,The First Harmful Event was Not a Collision with a Motor Vehicle in Transport,0,No Special Jurisdiction,35,Embankment,,0,NOT APPLICABLE,1,Interstate,0,None
10645,/Date(1663532040000-0400)/,TALLADEGA (121),1,0,1,1,Alabama,1,2022-09-18 16:14,33.54480278,-85.944105560,1,Clear,,,1,Daylight,0,The First Harmful Event was Not a Collision with a Motor Vehicle in Transport,0,No Special Jurisdiction,53,Mail Box,,0,NOT APPLICABLE,4,Minor Arterial,0,None
10644,/Date(1663493280000-0400)/,BALDWIN (3),1,1,1,1,Alabama,1,2022-09-18 05:28,30.35564722,-87.693588890,1,Clear,,,4,Dawn,0,The First Harmful Event was Not a Collision with a Motor Vehicle in Transport,0,No Special Jurisdiction,8,Pedestrian,,0,NOT APPLICABLE,5,Major Collector,0,None
10643,/Date(1663528620000-0400)/,JEFFERSON (73),1,0,1,1,Alabama,4,2022-09-18 15:17,33.55612778,-86.821877780,1,Clear,,,1,Daylight,0,The First Harmful Event was Not a Collision with a Motor Vehicle in Transport,0,No Special Jurisdiction,14,Parked Motor Vehicle,,350,BIRMINGHAM,7,Local,0,None
10646,/Date(1663643460000-0400)/,HOUSTON (69),1,1,1,1,Alabama,1,2022-09-19 23:11,31.24835000,-85.377538890,1,Clear,,,3,Dark - Lighted,0,The First Harmful Event was Not a Collision with a Motor Vehicle in Transport,0,No Special Jurisdiction,8,Pedestrian,,930,DOTHAN,3,Principal Arterial - Other,0,None
10649,/Date(1663697400000-0400)/,WALKER (127),1,0,1,1,Alabama,1,2022-09-20 14:10,33.89483611,-87.156272220,1,Clear,,,1,Daylight,0,The First Harmful Event was Not a Collision with a Motor Vehicle in Transport,0,No Special Jurisdiction,42,Tree (Standing Only),,0,NOT APPLICABLE,4,Minor Arterial,0,None
10648,/Date(1663618860000-0400)/,JEFFERSON (73),1,0,2,1,Alabama,2,2022-09-19 16:21,33.60761944,-86.958180560,1,Clear,,,1,Daylight,6,Angle,0,No Special Jurisdiction,12,Motor Vehicle In-Transport,,0,NOT APPLICABLE,5,Major Collector,0,None
10647,/Date(1663569600000-0400)/,BULLOCK (11),1,0,1,1,Alabama,1,2022-09-19 02:40,32.21637222,-85.916980560,1,Clear,,,2,Dark - Not Lighted,0,The First Harmful Event was Not a Collision with a Motor Vehicle in Transport,0,No Special Jurisdiction,38,Fence,,0,NOT APPLICABLE,4,Minor Arterial,0,None
10651,/Date(1663707900000-0400)/,RUSSELL (113),1,0,2,1,Alabama,2,2022-09-20 17:05,32.25594167,-85.001450000,1,Clear,,,1,Daylight,8,Sideswipe - Opposite Direction,0,No Special Jurisdiction,12,Motor Vehicle In-Transport,,0,NOT APPLICABLE,5,Major Collector,0,None
10652,/Date(1663772400000-0400)/,COFFEE (31),1,0,1,1,Alabama,1,2022-09-21 11:00,31.41480000,-86.110763890,1,Clear,,,1,Daylight,0,The First Harmful Event was Not a Collision with a Motor Vehicle in Transport,0,No Special Jurisdiction,5,Fell/Jumped from Vehicle,,1010,ELBA,3,Principal Arterial - Other,0,None
10650,/Date(1663709400000-0400)/,JEFFERSON (73),1,0,3,1,Alabama,3,2022-09-20 17:30,33.53376111,-86.841772220,1,Clear,,,1,Daylight,6,Angle,0,No Special Jurisdiction,12,Motor Vehicle In-Transport,,350,BIRMINGHAM,4,Minor Arterial,0,None
10654,/Date(1663775940000-0400)/,JEFFERSON (73),1,0,1,1,Alabama,1,2022-09-21 11:59,33.49836389,-87.155300000,1,Clear,,,1,Daylight,0,The First Harmful Event was Not a Collision with a Motor Vehicle in Transport,0,No Special Jurisdiction,42,Tree (Standing Only),,0,NOT APPLICABLE,5,Major Collector,0,None
10655,/Date(1663860060000-0400)/,SHELBY (117),1,0,3,1,Alabama,2,2022-09-22 11:21,33.11411389,-86.857072220,1,Clear,,,1,Daylight,2,Front-to-Front,0,No Special Jurisdiction,12,Motor Vehicle In-Transport,,2120,MONTEVALLO,3,Principal Arterial - Other,0,None
10653,/Date(-62135578800000-0500)/,JEFFERSON (73),2,0,3,1,Alabama,2,2022-09-21 99:99,33.76783056,-86.935372220,1,Clear,,,1,Daylight,2,Front-to-Front,0,No Special Jurisdiction,12,Motor Vehicle In-Transport,,0,NOT APPLICABLE,5,Major Collector,0,None
10656,/Date(1663870440000-0400)/,JEFFERSON (73),1,1,1,1,Alabama,1,2022-09-22 14:14,33.46785278,-87.095725000,10,Cloudy,,,1,Daylight,0,The First Harmful Event was Not a Collision with a Motor Vehicle in Transport,0,No Special Jurisdiction,8,Pedestrian,,0,NOT APPLICABLE,5,Major Collector,0,None
10658,/Date(1664060340000-0400)/,JEFFERSON (73),1,0,1,1,Alabama,1,2022-09-24 18:59,33.49931389,-86.792530560,1,Clear,,,5,Dusk,0,The First Harmful Event was Not a Collision with a Motor Vehicle in Transport,0,No Special Jurisdiction,1,Rollover/Overturn,,350,BIRMINGHAM,7,Local,0,None
10659,/Date(1664003400000-0400)/,GENEVA (61),1,0,3,1,Alabama,1,2022-09-24 03:10,31.07073611,-85.580338890,1,Clear,,,2,Dark - Not Lighted,0,The First Harmful Event was Not a Collision with a Motor Vehicle in Transport,0,No Special Jurisdiction,34,Ditch,,0,NOT APPLICABLE,7,Local,0,None
10660,/Date(1664045280000-0400)/,LEE (81),1,0,1,1,Alabama,1,2022-09-24 14:48,32.59012778,-85.219538890,1,Clear,,,1,Daylight,0,The First Harmful Event was Not a Collision with a Motor Vehicle in Transport,0,No Special Jurisdiction,42,Tree (Standing Only),,0,NOT APPLICABLE,7,Local,0,None
10661,/Date(1664087700000-0400)/,ELMORE (51),1,0,1,1,Alabama,1,2022-09-25 02:35,32.58773056,-86.160969440,1,Clear,,,2,Dark - Not Lighted,0,The First Harmful Event was Not a Collision with a Motor Vehicle in Transport,0,No Special Jurisdiction,1,Rollover/Overturn,,0,NOT APPLICABLE,5,Major Collector,0,None
10663,/Date(1664181840000-0400)/,DEKALB (49),1,0,1,1,Alabama,1,2022-09-26 04:44,34.62131389,-85.664825000,1,Clear,,,2,Dark - Not Lighted,0,The First Harmful Event was Not a Collision with a Motor Vehicle in Transport,0,No Special Jurisdiction,34,Ditch,,0,NOT APPLICABLE,7,Local,0,None
10662,/Date(1664101740000-0400)/,MOBILE (97),1,0,2,1,Alabama,2,2022-09-25 06:29,30.53085556,-88.123475000,1,Clear,,,4,Dawn,2,Front-to-Front,0,No Special Jurisdiction,12,Motor Vehicle In-Transport,,2100,MOBILE,3,Principal Arterial - Other,0,None
10657,/Date(1663962000000-0400)/,LOWNDES (85),1,0,3,1,Alabama,2,2022-09-23 15:40,32.18500556,-86.564958330,1,Clear,,,1,Daylight,2,Front-to-Front,0,No Special Jurisdiction,12,Motor Vehicle In-Transport,,0,NOT APPLICABLE,5,Major Collector,0,None
10665,/Date(1664183700000-0400)/,CALHOUN (15),1,0,3,1,Alabama,2,2022-09-26 05:15,33.93281667,-85.622755560,5,"Fog, Smog, Smoke",,,3,Dark - Lighted,6,Angle,0,No Special Jurisdiction,12,Motor Vehicle In-Transport,,2460,PIEDMONT,3,Principal Arterial - Other,0,None
10664,/Date(1663795500000-0400)/,MOBILE (97),1,0,2,1,Alabama,2,2022-09-21 17:25,30.67826667,-88.043269440,1,Clear,,,1,Daylight,1,Front-to-Rear,0,No Special Jurisdiction,12,Motor Vehicle In-Transport,,2100,MOBILE,1,Interstate,0,None
10666,/Date(1664223060000-0400)/,TUSCALOOSA (125),2,0,8,1,Alabama,4,2022-09-26 16:11,33.15106111,-87.605136110,1,Clear,,,1,Daylight,1,Front-to-Rear,0,No Special Jurisdiction,12,Motor Vehicle In-Transport,,0,NOT APPLICABLE,1,Interstate,4,"Work Zone, Type Unknown"
10667,/Date(1664394360000-0400)/,LOWNDES (85),1,0,1,1,Alabama,1,2022-09-28 15:46,31.99523333,-86.460155560,1,Clear,,,1,Daylight,0,The First Harmful Event was Not a Collision with a Motor Vehicle in Transport,0,No Special Jurisdiction,42,Tree (Standing Only),,0,NOT APPLICABLE,6,Minor Collector,0,None
10668,/Date(1664440200000-0400)/,MONROE (99),1,1,1,1,Alabama,1,2022-09-29 04:30,31.44937500,-87.337922220,1,Clear,,,2,Dark - Not Lighted,0,The First Harmful Event was Not a Collision with a Motor Vehicle in Transport,0,No Special Jurisdiction,8,Pedestrian,,0,NOT APPLICABLE,5,Major Collector,0,None
10670,/Date(1663944300000-0400)/,MONTGOMERY (101),1,0,2,1,Alabama,2,2022-09-23 10:45,32.36084167,-86.176811110,1,Clear,,,1,Daylight,1,Front-to-Rear,0,No Special Jurisdiction,12,Motor Vehicle In-Transport,,2130,MONTGOMERY,1,Interstate,0,None
10669,/Date(1664485200000-0400)/,BLOUNT (9),1,0,3,1,Alabama,1,2022-09-29 17:00,34.23966667,-86.510791670,1,Clear,,,1,Daylight,0,The First Harmful Event was Not a Collision with a Motor Vehicle in Transport,0,No Special Jurisdiction,34,Ditch,,0,NOT APPLICABLE,6,Minor Collector,0,None
10671,/Date(1664452200000-0400)/,MARSHALL (95),1,0,2,1,Alabama,2,2022-09-29 07:50,34.36085278,-86.382697220,1,Clear,,,1,Daylight,1,Front-to-Rear,0,No Special Jurisdiction,12,Motor Vehicle In-Transport,,0,NOT APPLICABLE,4,Minor Arterial,0,None
10673,/Date(1664685180000-0400)/,LEE (81),1,0,1,1,Alabama,1,2022-10-02 00:33,32.59489167,-85.399366670,1,Clear,,,2,Dark - Not Lighted,0,The First Harmful Event was Not a Collision with a Motor Vehicle in Transport,0,No Special Jurisdiction,42,Tree (Standing Only),,0,NOT APPLICABLE,4,Minor Arterial,0,None
10672,/Date(1664591520000-0400)/,MARSHALL (95),2,0,5,1,Alabama,3,2022-09-30 22:32,34.32882222,-86.314125000,1,Clear,,,3,Dark - Lighted,1,Front-to-Rear,0,No Special Jurisdiction,12,Motor Vehicle In-Transport,,1500,GUNTERSVILLE,3,Principal Arterial - Other,0,None
10674,/Date(1664762100000-0400)/,PIKE (109),1,1,1,1,Alabama,1,2022-10-02 21:55,31.68036389,-85.824677780,1,Clear,,,2,Dark - Not Lighted,0,The First Harmful Event was Not a Collision with a Motor Vehicle in Transport,0,No Special Jurisdiction,8,Pedestrian,,0,NOT APPLICABLE,3,Principal Arterial - Other,0,None
10678,/Date(1664821800000-0400)/,CULLMAN (43),1,0,2,1,Alabama,2,2022-10-03 14:30,34.19461667,-86.947552780,1,Clear,,,1,Daylight,6,Angle,0,No Special Jurisdiction,12,Motor Vehicle In-Transport,,0,NOT APPLICABLE,3,Principal Arterial - Other,0,None
10675,/Date(1663924380000-0400)/,JEFFERSON (73),1,1,1,1,Alabama,1,2022-09-23 05:13,33.50981389,-86.788175000,1,Clear,,,2,Dark - Not Lighted,0,The First Harmful Event was Not a Collision with a Motor Vehicle in Transport,0,No Special Jurisdiction,8,Pedestrian,,350,BIRMINGHAM,5,Major Collector,0,None
10676,/Date(1664684700000-0400)/,MARENGO (91),1,0,2,1,Alabama,2,2022-10-02 00:25,32.10721667,-87.781783330,1,Clear,,,2,Dark - Not Lighted,2,Front-to-Front,0,No Special Jurisdiction,12,Motor Vehicle In-Transport,,0,NOT APPLICABLE,3,Principal Arterial - Other,0,None
10677,/Date(1664741280000-0400)/,MOBILE (97),1,0,2,1,Alabama,2,2022-10-02 16:08,30.75509167,-88.212219440,1,Clear,,,1,Daylight,0,The First Harmful Event was Not a Collision with a Motor Vehicle in Transport,0,No Special Jurisdiction,1,Rollover/Overturn,,0,NOT APPLICABLE,3,Principal Arterial - Other,0,None
10680,/Date(1664886960000-0400)/,LIMESTONE (83),1,0,1,1,Alabama,1,2022-10-04 08:36,34.79111944,-87.017438890,1,Clear,,,1,Daylight,0,The First Harmful Event was Not a Collision with a Motor Vehicle in Transport,0,No Special Jurisdiction,59,Traffic Sign Support ,,0,NOT APPLICABLE,3,Principal Arterial - Other,0,None
10679,/Date(1664854620000-0400)/,JEFFERSON (73),1,0,1,1,Alabama,1,2022-10-03 23:37,33.56387222,-86.664502780,1,Clear,,,3,Dark - Lighted,0,The First Harmful Event was Not a Collision with a Motor Vehicle in Transport,0,No Special Jurisdiction,35,Embankment,,350,BIRMINGHAM,4,Minor Arterial,0,None