Crash ID,CrashDate,CountyName,Fatals,Peds,Persons,State,StateName,TotalVehicles,Crash Date,Latitude,Longitude,Weather,Weather Name,Road Function,Road Function Name,Light Condition,Light Condition Name,Manner of Collision,Manner of Collision Name,Speed Limit,Speed Limit Name,Harmful Event,Harmful Event Name,Drunk Drivers,City,City Name,Functional System,Functional System Name,Work Zone,Work Zone Name
10767,/Date(1667658120000-0400)/,COOSA (37),1,0,1,1,Alabama,1,2022-11-05 10:22,33.08927778,-86.103088890,1,Clear,,,1,Daylight,0,The First Harmful Event was Not a Collision with a Motor Vehicle in Transport,0,No Special Jurisdiction,42,Tree (Standing Only),,0,NOT APPLICABLE,5,Major Collector,0,None
10764,/Date(1667702400000-0400)/,MONTGOMERY (101),1,0,1,1,Alabama,1,2022-11-05 22:40,32.32691111,-86.282491670,99,Reported as Unknown,,,3,Dark - Lighted,0,The First Harmful Event was Not a Collision with a Motor Vehicle in Transport,0,No Special Jurisdiction,42,Tree (Standing Only),,2130,MONTGOMERY,3,Principal Arterial - Other,0,None
10766,/Date(1667628360000-0400)/,TUSCALOOSA (125),1,0,2,1,Alabama,2,2022-11-05 02:06,33.20956111,-87.571205560,1,Clear,,,3,Dark - Lighted,2,Front-to-Front,0,No Special Jurisdiction,12,Motor Vehicle In-Transport,,2260,NORTHPORT,3,Principal Arterial - Other,0,None
10772,/Date(1667852400000-0500)/,MONTGOMERY (101),1,0,1,1,Alabama,1,2022-11-07 15:20,32.35048333,-86.420677780,1,Clear,,,1,Daylight,0,The First Harmful Event was Not a Collision with a Motor Vehicle in Transport,0,No Special Jurisdiction,34,Ditch,,0,NOT APPLICABLE,5,Major Collector,0,None
10768,/Date(1667791860000-0500)/,JEFFERSON (73),1,0,1,1,Alabama,1,2022-11-06 22:31,33.62387778,-86.734130560,1,Clear,,,2,Dark - Not Lighted,0,The First Harmful Event was Not a Collision with a Motor Vehicle in Transport,0,No Special Jurisdiction,42,Tree (Standing Only),,0,NOT APPLICABLE,3,Principal Arterial - Other,0,None
10769,/Date(1667766060000-0500)/,ESCAMBIA (53),3,0,3,1,Alabama,2,2022-11-06 15:21,31.01588889,-87.226155560,1,Clear,,,1,Daylight,2,Front-to-Front,0,No Special Jurisdiction,12,Motor Vehicle In-Transport,,0,NOT APPLICABLE,3,Principal Arterial - Other,0,None
10773,/Date(1667916000000-0500)/,DALLAS (47),1,0,4,1,Alabama,3,2022-11-08 09:00,32.44926111,-87.014455560,1,Clear,,,1,Daylight,2,Front-to-Front,0,No Special Jurisdiction,12,Motor Vehicle In-Transport,,9997,Other,4,Minor Arterial,0,None
10771,/Date(1667842140000-0500)/,TUSCALOOSA (125),1,0,2,1,Alabama,1,2022-11-07 12:29,33.08593611,-87.692877780,1,Clear,,,1,Daylight,0,The First Harmful Event was Not a Collision with a Motor Vehicle in Transport,0,No Special Jurisdiction,42,Tree (Standing Only),,0,NOT APPLICABLE,6,Minor Collector,0,None
10770,/Date(1667730600000-0400)/,JEFFERSON (73),1,1,1,1,Alabama,1,2022-11-06 05:30,33.48871667,-86.824133330,10,Cloudy,,,2,Dark - Not Lighted,0,The First Harmful Event was Not a Collision with a Motor Vehicle in Transport,0,No Special Jurisdiction,8,Pedestrian,,350,BIRMINGHAM,1,Interstate,0,None
10775,/Date(1668136980000-0500)/,COLBERT (33),1,0,1,1,Alabama,1,2022-11-10 22:23,34.64875556,-87.529494440,2,Rain,,,2,Dark - Not Lighted,0,The First Harmful Event was Not a Collision with a Motor Vehicle in Transport,0,No Special Jurisdiction,34,Ditch,,0,NOT APPLICABLE,5,Major Collector,0,None
10774,/Date(1667951220000-0500)/,MOBILE (97),1,1,2,1,Alabama,2,2022-11-08 18:47,30.75357778,-88.117588890,1,Clear,,,2,Dark - Not Lighted,0,The First Harmful Event was Not a Collision with a Motor Vehicle in Transport,0,No Special Jurisdiction,8,Pedestrian,,2550,PRICHARD,3,Principal Arterial - Other,0,None
10776,/Date(1668140700000-0500)/,MARSHALL (95),2,0,4,1,Alabama,1,2022-11-10 23:25,34.48468889,-86.385358330,10,Cloudy,,,2,Dark - Not Lighted,0,The First Harmful Event was Not a Collision with a Motor Vehicle in Transport,0,No Special Jurisdiction,42,Tree (Standing Only),,0,NOT APPLICABLE,7,Local,0,None
10777,/Date(1668109500000-0500)/,MONROE (99),1,1,1,1,Alabama,1,2022-11-10 14:45,31.48704444,-87.372241670,1,Clear,,,1,Daylight,0,The First Harmful Event was Not a Collision with a Motor Vehicle in Transport,0,No Special Jurisdiction,8,Pedestrian,,0,NOT APPLICABLE,3,Principal Arterial - Other,0,None
10778,/Date(1668219300000-0500)/,MARENGO (91),2,0,2,1,Alabama,2,2022-11-11 21:15,32.08897222,-87.860783330,1,Clear,,,2,Dark - Not Lighted,2,Front-to-Front,0,No Special Jurisdiction,12,Motor Vehicle In-Transport,,0,NOT APPLICABLE,4,Minor Arterial,0,None
10779,/Date(1668160200000-0500)/,ST. CLAIR (115),1,0,1,1,Alabama,1,2022-11-11 04:50,33.72591944,-86.287244440,2,Rain,,,2,Dark - Not Lighted,0,The First Harmful Event was Not a Collision with a Motor Vehicle in Transport,0,No Special Jurisdiction,42,Tree (Standing Only),,0,NOT APPLICABLE,4,Minor Arterial,0,None
10780,/Date(1668147000000-0500)/,CULLMAN (43),3,0,4,1,Alabama,1,2022-11-11 01:10,34.08859167,-86.733430560,10,Cloudy,,,2,Dark - Not Lighted,0,The First Harmful Event was Not a Collision with a Motor Vehicle in Transport,0,No Special Jurisdiction,24,Guardrail Face,,0,NOT APPLICABLE,4,Minor Arterial,0,None
10781,/Date(1668314220000-0500)/,MORGAN (103),1,0,4,1,Alabama,1,2022-11-12 23:37,34.58994444,-87.023208330,1,Clear,,,2,Dark - Not Lighted,0,The First Harmful Event was Not a Collision with a Motor Vehicle in Transport,0,No Special Jurisdiction,34,Ditch,,890,DECATUR,4,Minor Arterial,0,None
10782,/Date(1668248880000-0500)/,JEFFERSON (73),1,0,2,1,Alabama,2,2022-11-12 05:28,33.60688333,-86.689627780,2,Rain,,,3,Dark - Lighted,6,Angle,0,No Special Jurisdiction,12,Motor Vehicle In-Transport,,350,BIRMINGHAM,3,Principal Arterial - Other,0,None
10783,/Date(1668386520000-0500)/,LEE (81),2,0,3,1,Alabama,2,2022-11-13 19:42,32.58842500,-85.459086110,1,Clear,,,2,Dark - Not Lighted,2,Front-to-Front,0,No Special Jurisdiction,12,Motor Vehicle In-Transport,,200,AUBURN,1,Interstate,0,None
10785,/Date(1668460800000-0500)/,CULLMAN (43),1,0,1,1,Alabama,1,2022-11-14 16:20,34.11093889,-86.868338890,1,Clear,,,1,Daylight,0,The First Harmful Event was Not a Collision with a Motor Vehicle in Transport,0,No Special Jurisdiction,42,Tree (Standing Only),,9997,Other,5,Major Collector,0,None
10784,/Date(1668391860000-0500)/,JEFFERSON (73),1,0,1,1,Alabama,1,2022-11-13 21:11,33.74568333,-86.718233330,10,Cloudy,,,2,Dark - Not Lighted,0,The First Harmful Event was Not a Collision with a Motor Vehicle in Transport,0,No Special Jurisdiction,34,Ditch,,0,NOT APPLICABLE,5,Major Collector,0,None
10787,/Date(1668573300000-0500)/,MARSHALL (95),2,0,2,1,Alabama,2,2022-11-15 23:35,34.36360000,-86.368511110,1,Clear,,,2,Dark - Not Lighted,2,Front-to-Front,0,No Special Jurisdiction,12,Motor Vehicle In-Transport,,0,NOT APPLICABLE,4,Minor Arterial,0,None
10786,/Date(1668488460000-0500)/,CULLMAN (43),1,0,2,1,Alabama,1,2022-11-15 00:01,34.05761667,-86.817288890,2,Rain,,,2,Dark - Not Lighted,0,The First Harmful Event was Not a Collision with a Motor Vehicle in Transport,0,No Special Jurisdiction,34,Ditch,,0,NOT APPLICABLE,5,Major Collector,0,None
10789,/Date(1668533700000-0500)/,MONTGOMERY (101),3,0,4,1,Alabama,2,2022-11-15 12:35,32.06625278,-86.302466670,2,Rain,,,1,Daylight,2,Front-to-Front,0,No Special Jurisdiction,12,Motor Vehicle In-Transport,,0,NOT APPLICABLE,3,Principal Arterial - Other,0,None
10788,/Date(1668441000000-0500)/,MADISON (89),1,0,3,1,Alabama,2,2022-11-14 10:50,34.86015556,-86.517866670,10,Cloudy,,,1,Daylight,0,The First Harmful Event was Not a Collision with a Motor Vehicle in Transport,0,No Special Jurisdiction,35,Embankment,,0,NOT APPLICABLE,5,Major Collector,0,None
10792,/Date(1668742080000-0500)/,MORGAN (103),1,0,1,1,Alabama,1,2022-11-17 22:28,34.41038056,-86.703002780,1,Clear,,,2,Dark - Not Lighted,0,The First Harmful Event was Not a Collision with a Motor Vehicle in Transport,0,No Special Jurisdiction,42,Tree (Standing Only),,0,NOT APPLICABLE,5,Major Collector,0,None
10791,/Date(1668645600000-0500)/,ST. CLAIR (115),1,0,2,1,Alabama,2,2022-11-16 19:40,33.63743889,-86.397222220,1,Clear,,,2,Dark - Not Lighted,2,Front-to-Front,0,No Special Jurisdiction,12,Motor Vehicle In-Transport,,2320,ODENVILLE,5,Major Collector,0,None
10790,/Date(1668551940000-0500)/,BLOUNT (9),1,0,1,1,Alabama,1,2022-11-15 17:39,34.23554722,-86.494366670,1,Clear,,,2,Dark - Not Lighted,0,The First Harmful Event was Not a Collision with a Motor Vehicle in Transport,0,No Special Jurisdiction,35,Embankment,,0,NOT APPLICABLE,3,Principal Arterial - Other,0,None
10793,/Date(1668711780000-0500)/,HOUSTON (69),1,0,2,1,Alabama,1,2022-11-17 14:03,31.22841944,-85.426111110,10,Cloudy,,,1,Daylight,0,The First Harmful Event was Not a Collision with a Motor Vehicle in Transport,0,No Special Jurisdiction,33,Curb,,930,DOTHAN,3,Principal Arterial - Other,0,None
10794,/Date(1668444900000-0500)/,RUSSELL (113),1,0,7,1,Alabama,3,2022-11-14 11:55,32.42209167,-85.039966670,10,Cloudy,,,1,Daylight,6,Angle,0,No Special Jurisdiction,12,Motor Vehicle In-Transport,,0,NOT APPLICABLE,3,Principal Arterial - Other,0,None
10795,/Date(1668828600000-0500)/,FRANKLIN (59),2,0,3,1,Alabama,2,2022-11-18 22:30,34.50483611,-87.708558330,1,Clear,,,2,Dark - Not Lighted,2,Front-to-Front,0,No Special Jurisdiction,12,Motor Vehicle In-Transport,,0,NOT APPLICABLE,5,Major Collector,0,None
10796,/Date(1668748980000-0500)/,MONTGOMERY (101),5,0,6,1,Alabama,2,2022-11-18 00:23,32.32430278,-86.335466670,1,Clear,,,3,Dark - Lighted,2,Front-to-Front,0,No Special Jurisdiction,12,Motor Vehicle In-Transport,,2130,MONTGOMERY,1,Interstate,0,None
10798,/Date(1668917040000-0500)/,DALLAS (47),1,0,2,1,Alabama,2,2022-11-19 23:04,32.44120278,-87.140158330,1,Clear,,,2,Dark - Not Lighted,2,Front-to-Front,0,No Special Jurisdiction,12,Motor Vehicle In-Transport,,0,NOT APPLICABLE,3,Principal Arterial - Other,0,None
10797,/Date(1668840180000-0500)/,JEFFERSON (73),1,1,1,1,Alabama,1,2022-11-19 01:43,33.47581667,-86.924588890,1,Clear,,,2,Dark - Not Lighted,0,The First Harmful Event was Not a Collision with a Motor Vehicle in Transport,0,No Special Jurisdiction,8,Pedestrian,,0,NOT APPLICABLE,4,Minor Arterial,0,None
10799,/Date(1668913380000-0500)/,MONTGOMERY (101),1,0,1,1,Alabama,1,2022-11-19 22:03,32.04043056,-86.027686110,1,Clear,,,2,Dark - Not Lighted,0,The First Harmful Event was Not a Collision with a Motor Vehicle in Transport,0,No Special Jurisdiction,52,Guardrail End,,0,NOT APPLICABLE,5,Major Collector,0,None
10801,/Date(1668843240000-0500)/,MONTGOMERY (101),1,0,1,1,Alabama,1,2022-11-19 02:34,32.41081389,-86.303411110,1,Clear,,,6,Dark - Unknown Lighting,0,The First Harmful Event was Not a Collision with a Motor Vehicle in Transport,0,No Special Jurisdiction,25,Concrete Traffic Barrier,,2130,MONTGOMERY,2,Principal Arterial - Other Freeways and Expressways,0,None
10803,/Date(1668991500000-0500)/,ESCAMBIA (53),1,0,1,1,Alabama,1,2022-11-20 19:45,31.16815556,-87.578633330,1,Clear,,,2,Dark - Not Lighted,0,The First Harmful Event was Not a Collision with a Motor Vehicle in Transport,0,No Special Jurisdiction,42,Tree (Standing Only),,0,NOT APPLICABLE,5,Major Collector,0,None
10802,/Date(1668834000000-0500)/,BALDWIN (3),1,0,1,1,Alabama,1,2022-11-19 00:00,30.50176667,-87.890380560,1,Clear,,,2,Dark - Not Lighted,0,The First Harmful Event was Not a Collision with a Motor Vehicle in Transport,0,No Special Jurisdiction,42,Tree (Standing Only),,0,NOT APPLICABLE,5,Major Collector,0,None
10804,/Date(1668925800000-0500)/,BUTLER (13),2,0,4,1,Alabama,2,2022-11-20 01:30,31.66598056,-86.762544440,1,Clear,,,2,Dark - Not Lighted,1,Front-to-Rear,0,No Special Jurisdiction,12,Motor Vehicle In-Transport,,0,NOT APPLICABLE,1,Interstate,0,None
10805,/Date(1669085880000-0500)/,MORGAN (103),1,0,2,1,Alabama,2,2022-11-21 21:58,34.48981667,-86.896052780,10,Cloudy,,,2,Dark - Not Lighted,1,Front-to-Rear,0,No Special Jurisdiction,12,Motor Vehicle In-Transport,,890,DECATUR,5,Major Collector,0,None
10806,/Date(1669063620000-0500)/,MOBILE (97),1,1,1,1,Alabama,1,2022-11-21 15:47,30.68868333,-88.081311110,1,Clear,,,1,Daylight,0,The First Harmful Event was Not a Collision with a Motor Vehicle in Transport,0,No Special Jurisdiction,8,Pedestrian,,2100,MOBILE,5,Major Collector,0,None
10807,/Date(1669053900000-0500)/,MOBILE (97),1,0,1,1,Alabama,1,2022-11-21 13:05,31.02123889,-88.254083330,1,Clear,,,1,Daylight,0,The First Harmful Event was Not a Collision with a Motor Vehicle in Transport,0,No Special Jurisdiction,34,Ditch,,0,NOT APPLICABLE,7,Local,0,None
10809,/Date(1669096800000-0500)/,DALLAS (47),1,0,1,1,Alabama,1,2022-11-22 01:00,32.43176389,-86.955852780,1,Clear,,,2,Dark - Not Lighted,0,The First Harmful Event was Not a Collision with a Motor Vehicle in Transport,0,No Special Jurisdiction,24,Guardrail Face,,0,NOT APPLICABLE,4,Minor Arterial,0,None
10810,/Date(1669245900000-0500)/,MARSHALL (95),1,0,4,1,Alabama,2,2022-11-23 18:25,34.32183056,-86.312563890,1,Clear,,,3,Dark - Lighted,6,Angle,0,No Special Jurisdiction,12,Motor Vehicle In-Transport,,1500,GUNTERSVILLE,3,Principal Arterial - Other,0,None
10808,/Date(1669156380000-0500)/,TUSCALOOSA (125),1,1,1,1,Alabama,1,2022-11-22 17:33,33.23166667,-87.576650000,1,Clear,,,2,Dark - Not Lighted,0,The First Harmful Event was Not a Collision with a Motor Vehicle in Transport,0,No Special Jurisdiction,8,Pedestrian,,2260,NORTHPORT,3,Principal Arterial - Other,0,None
10811,/Date(1669247400000-0500)/,PIKE (109),1,0,1,1,Alabama,1,2022-11-23 18:50,31.95169444,-86.024213890,1,Clear,,,2,Dark - Not Lighted,0,The First Harmful Event was Not a Collision with a Motor Vehicle in Transport,0,No Special Jurisdiction,1,Rollover/Overturn,,0,NOT APPLICABLE,3,Principal Arterial - Other,0,None
10813,/Date(1669523100000-0500)/,ELMORE (51),1,0,1,1,Alabama,1,2022-11-26 23:25,32.61882222,-86.154286110,2,Rain,,,2,Dark - Not Lighted,0,The First Harmful Event was Not a Collision with a Motor Vehicle in Transport,0,No Special Jurisdiction,42,Tree (Standing Only),,0,NOT APPLICABLE,4,Minor Arterial,0,None
10812,/Date(1669230180000-0500)/,MOBILE (97),2,0,2,1,Alabama,2,2022-11-23 14:03,30.72052222,-88.371605560,1,Clear,,,1,Daylight,6,Angle,0,No Special Jurisdiction,12,Motor Vehicle In-Transport,,0,NOT APPLICABLE,5,Major Collector,0,None
10814,/Date(1669499220000-0500)/,LEE (81),1,0,1,1,Alabama,1,2022-11-26 16:47,32.59897778,-85.461752780,2,Rain,,,5,Dusk,0,The First Harmful Event was Not a Collision with a Motor Vehicle in Transport,0,No Special Jurisdiction,30,Utility Pole/Light Support,,200,AUBURN,4,Minor Arterial,0,None
10815,/Date(1669358400000-0500)/,DALLAS (47),1,0,3,1,Alabama,2,2022-11-25 01:40,32.30129444,-87.327155560,2,Rain,,,2,Dark - Not Lighted,0,The First Harmful Event was Not a Collision with a Motor Vehicle in Transport,0,No Special Jurisdiction,42,Tree (Standing Only),,0,NOT APPLICABLE,4,Minor Arterial,0,None
10817,/Date(1669401300000-0500)/,MOBILE (97),1,0,1,1,Alabama,1,2022-11-25 13:35,30.95500833,-88.231677780,10,Cloudy,,,1,Daylight,0,The First Harmful Event was Not a Collision with a Motor Vehicle in Transport,0,No Special Jurisdiction,42,Tree (Standing Only),,0,NOT APPLICABLE,3,Principal Arterial - Other,0,None
10816,/Date(1672548240000-0500)/,JEFFERSON (73),1,0,3,1,Alabama,3,2022-12-31 23:44,33.46827222,-86.892727780,1,Clear,,,3,Dark - Lighted,2,Front-to-Front,0,No Special Jurisdiction,12,Motor Vehicle In-Transport,,350,BIRMINGHAM,4,Minor Arterial,0,None
10818,/Date(1669355940000-0500)/,MONROE (99),1,0,1,1,Alabama,1,2022-11-25 00:59,31.51684167,-87.351313890,2,Rain,,,2,Dark - Not Lighted,0,The First Harmful Event was Not a Collision with a Motor Vehicle in Transport,0,No Special Jurisdiction,35,Embankment,,2110,MONROEVILLE,4,Minor Arterial,0,None
10820,/Date(1669577220000-0500)/,MOBILE (97),1,0,2,1,Alabama,2,2022-11-27 14:27,30.73750556,-88.104838890,1,Clear,,,1,Daylight,6,Angle,0,No Special Jurisdiction,12,Motor Vehicle In-Transport,,2550,PRICHARD,3,Principal Arterial - Other,0,None
10821,/Date(1669550400000-0500)/,CLEBURNE (29),1,0,2,1,Alabama,1,2022-11-27 07:00,33.62109444,-85.610244440,1,Clear,,,1,Daylight,0,The First Harmful Event was Not a Collision with a Motor Vehicle in Transport,0,No Special Jurisdiction,35,Embankment,,0,NOT APPLICABLE,1,Interstate,0,None
10819,/Date(1669331100000-0500)/,LEE (81),1,0,4,1,Alabama,4,2022-11-24 18:05,32.59998056,-85.610191670,1,Clear,,,2,Dark - Not Lighted,8,Sideswipe - Opposite Direction,0,No Special Jurisdiction,12,Motor Vehicle In-Transport,,0,NOT APPLICABLE,4,Minor Arterial,0,None
10823,/Date(1669620360000-0500)/,MONTGOMERY (101),1,0,1,1,Alabama,1,2022-11-28 02:26,32.33236944,-86.358847220,1,Clear,,,3,Dark - Lighted,0,The First Harmful Event was Not a Collision with a Motor Vehicle in Transport,0,No Special Jurisdiction,42,Tree (Standing Only),,2130,MONTGOMERY,3,Principal Arterial - Other,0,None
10822,/Date(1669661400000-0500)/,JEFFERSON (73),1,0,3,1,Alabama,2,2022-11-28 13:50,33.53162500,-86.731741670,1,Clear,,,1,Daylight,6,Angle,0,No Special Jurisdiction,12,Motor Vehicle In-Transport,,350,BIRMINGHAM,3,Principal Arterial - Other,0,None
10824,/Date(1669656780000-0500)/,CONECUH (35),1,0,2,1,Alabama,2,2022-11-28 12:33,31.43010833,-86.958833330,1,Clear,,,1,Daylight,1,Front-to-Rear,0,No Special Jurisdiction,12,Motor Vehicle In-Transport,,1080,EVERGREEN,3,Principal Arterial - Other,0,None
10825,/Date(1669761240000-0500)/,MARSHALL (95),2,0,3,1,Alabama,3,2022-11-29 17:34,34.24201667,-86.144636110,10,Cloudy,,,2,Dark - Not Lighted,2,Front-to-Front,0,No Special Jurisdiction,12,Motor Vehicle In-Transport,,400,BOAZ,5,Major Collector,0,None
10828,/Date(1670012760000-0500)/,LAMAR (75),1,0,1,1,Alabama,1,2022-12-02 15:26,33.91847222,-88.146022220,10,Cloudy,,,1,Daylight,0,The First Harmful Event was Not a Collision with a Motor Vehicle in Transport,0,No Special Jurisdiction,24,Guardrail Face,,0,NOT APPLICABLE,4,Minor Arterial,0,None
10827,/Date(1669938000000-0500)/,JEFFERSON (73),1,0,2,1,Alabama,2,2022-12-01 18:40,33.73121944,-87.015427780,10,Cloudy,,,2,Dark - Not Lighted,1,Front-to-Rear,0,No Special Jurisdiction,12,Motor Vehicle In-Transport,,0,NOT APPLICABLE,3,Principal Arterial - Other,0,None
10826,/Date(1669856880000-0500)/,MONTGOMERY (101),1,1,1,1,Alabama,1,2022-11-30 20:08,32.31744722,-86.231730560,1,Clear,,,3,Dark - Lighted,0,The First Harmful Event was Not a Collision with a Motor Vehicle in Transport,0,No Special Jurisdiction,8,Pedestrian,,2130,MONTGOMERY,3,Principal Arterial - Other,0,None
10829,/Date(1669983900000-0500)/,CHOCTAW (23),1,0,2,1,Alabama,2,2022-12-02 07:25,32.16316111,-88.294477780,10,Cloudy,,,1,Daylight,6,Angle,0,No Special Jurisdiction,12,Motor Vehicle In-Transport,,0,NOT APPLICABLE,5,Major Collector,0,None
10833,/Date(1670194500000-0500)/,MOBILE (97),1,1,1,1,Alabama,1,2022-12-04 17:55,30.67423889,-88.127344440,1,Clear,,,3,Dark - Lighted,0,The First Harmful Event was Not a Collision with a Motor Vehicle in Transport,0,No Special Jurisdiction,8,Pedestrian,,2100,MOBILE,1,Interstate,0,None
10830,/Date(1670028600000-0500)/,MOBILE (97),1,1,1,1,Alabama,1,2022-12-02 19:50,30.70872778,-88.125141670,1,Clear,,,5,Dusk,0,The First Harmful Event was Not a Collision with a Motor Vehicle in Transport,0,No Special Jurisdiction,8,Pedestrian,,2100,MOBILE,3,Principal Arterial - Other,0,None
10834,/Date(1670140620000-0500)/,MOBILE (97),1,0,4,1,Alabama,1,2022-12-04 02:57,30.75111944,-88.161188890,1,Clear,,,2,Dark - Not Lighted,0,The First Harmful Event was Not a Collision with a Motor Vehicle in Transport,0,No Special Jurisdiction,35,Embankment,,2550,PRICHARD,4,Minor Arterial,0,None
10832,/Date(1670043600000-0500)/,MONTGOMERY (101),1,1,1,1,Alabama,1,2022-12-03 00:00,32.37438889,-86.323041670,1,Clear,,,2,Dark - Not Lighted,0,The First Harmful Event was Not a Collision with a Motor Vehicle in Transport,0,No Special Jurisdiction,9,Pedalcyclist,,2130,MONTGOMERY,7,Local,0,None
10831,/Date(1669962900000-0500)/,ESCAMBIA (53),2,0,10,1,Alabama,6,2022-12-02 01:35,31.15006389,-87.395661110,1,Clear,,,2,Dark - Not Lighted,1,Front-to-Rear,0,No Special Jurisdiction,12,Motor Vehicle In-Transport,,0,NOT APPLICABLE,1,Interstate,0,None
10835,/Date(1670156160000-0500)/,COFFEE (31),1,0,2,1,Alabama,2,2022-12-04 07:16,31.51368333,-85.808158330,10,Cloudy,,,1,Daylight,2,Front-to-Front,0,No Special Jurisdiction,12,Motor Vehicle In-Transport,,0,NOT APPLICABLE,4,Minor Arterial,0,None
10836,/Date(1670254560000-0500)/,MADISON (89),1,0,1,1,Alabama,1,2022-12-05 10:36,34.75160278,-86.693261110,2,Rain,,,1,Daylight,0,The First Harmful Event was Not a Collision with a Motor Vehicle in Transport,0,No Special Jurisdiction,42,Tree (Standing Only),,1730,HUNTSVILLE,5,Major Collector,0,None
10837,/Date(1670281980000-0500)/,MOBILE (97),1,0,2,1,Alabama,2,2022-12-05 18:13,30.93805278,-88.212819440,10,Cloudy,,,2,Dark - Not Lighted,2,Front-to-Front,0,No Special Jurisdiction,12,Motor Vehicle In-Transport,,0,NOT APPLICABLE,3,Principal Arterial - Other,0,None
10838,/Date(1670322600000-0500)/,MONTGOMERY (101),1,0,1,1,Alabama,1,2022-12-06 05:30,32.28051389,-85.996019440,1,Clear,,,2,Dark - Not Lighted,0,The First Harmful Event was Not a Collision with a Motor Vehicle in Transport,0,No Special Jurisdiction,35,Embankment,,0,NOT APPLICABLE,4,Minor Arterial,0,None
10839,/Date(1670341500000-0500)/,WASHINGTON (129),1,0,1,1,Alabama,1,2022-12-06 10:45,31.45628333,-88.191488890,1,Clear,,,1,Daylight,0,The First Harmful Event was Not a Collision with a Motor Vehicle in Transport,0,No Special Jurisdiction,42,Tree (Standing Only),,650,CHATOM,4,Minor Arterial,0,None
10840,/Date(1670449800000-0500)/,CULLMAN (43),1,0,2,1,Alabama,2,2022-12-07 16:50,34.29290000,-86.898780560,5,"Fog, Smog, Smoke",,,2,Dark - Not Lighted,6,Angle,0,No Special Jurisdiction,12,Motor Vehicle In-Transport,,0,NOT APPLICABLE,4,Minor Arterial,0,None
10841,/Date(1670413200000-0500)/,MARION (93),1,0,2,1,Alabama,2,2022-12-07 06:40,34.11722500,-88.037627780,10,Cloudy,,,4,Dawn,1,Front-to-Rear,0,No Special Jurisdiction,12,Motor Vehicle In-Transport,,0,NOT APPLICABLE,1,Interstate,0,None
10842,/Date(1670429460000-0500)/,SHELBY (117),1,0,1,1,Alabama,1,2022-12-07 11:11,33.28735000,-86.421427780,1,Clear,,,1,Daylight,0,The First Harmful Event was Not a Collision with a Motor Vehicle in Transport,0,No Special Jurisdiction,42,Tree (Standing Only),,1570,HARPERSVILLE,4,Minor Arterial,0,None
10843,/Date(1670577900000-0500)/,HOUSTON (69),1,0,2,1,Alabama,1,2022-12-09 04:25,31.11485833,-85.404822220,5,"Fog, Smog, Smoke",,,2,Dark - Not Lighted,0,The First Harmful Event was Not a Collision with a Motor Vehicle in Transport,0,No Special Jurisdiction,42,Tree (Standing Only),,0,NOT APPLICABLE,3,Principal Arterial - Other,0,None
10844,/Date(1670733900000-0500)/,BALDWIN (3),1,0,2,1,Alabama,2,2022-12-10 23:45,30.76268333,-87.888400000,5,"Fog, Smog, Smoke",,,2,Dark - Not Lighted,2,Front-to-Front,0,No Special Jurisdiction,12,Motor Vehicle In-Transport,,0,NOT APPLICABLE,4,Minor Arterial,0,None
10845,/Date(1670808600000-0500)/,LIMESTONE (83),1,1,1,1,Alabama,1,2022-12-11 20:30,34.86150000,-86.995019440,1,Clear,,,2,Dark - Not Lighted,0,The First Harmful Event was Not a Collision with a Motor Vehicle in Transport,0,No Special Jurisdiction,8,Pedestrian,,0,NOT APPLICABLE,5,Major Collector,0,None
10846,/Date(1670797200000-0500)/,HOUSTON (69),1,0,1,1,Alabama,1,2022-12-11 17:20,31.05529722,-85.145150000,1,Clear,,,2,Dark - Not Lighted,0,The First Harmful Event was Not a Collision with a Motor Vehicle in Transport,0,No Special Jurisdiction,34,Ditch,,0,NOT APPLICABLE,7,Local,0,None
10847,/Date(1670944560000-0500)/,BALDWIN (3),2,0,2,1,Alabama,2,2022-12-13 10:16,30.41450833,-87.525322220,10,Cloudy,,,1,Daylight,2,Front-to-Front,0,No Special Jurisdiction,12,Motor Vehicle In-Transport,,0,NOT APPLICABLE,3,Principal Arterial - Other,0,None