Crash ID,CrashDate,CountyName,Fatals,Peds,Persons,State,StateName,TotalVehicles,Crash Date,Latitude,Longitude,Weather,Weather Name,Road Function,Road Function Name,Light Condition,Light Condition Name,Manner of Collision,Manner of Collision Name,Speed Limit,Speed Limit Name,Harmful Event,Harmful Event Name,Drunk Drivers,City,City Name,Functional System,Functional System Name,Work Zone,Work Zone Name
10848,/Date(1671054000000-0500)/,MONTGOMERY (101),1,1,1,1,Alabama,1,2022-12-14 16:40,32.44154444,-86.216052780,2,Rain,,,2,Dark - Not Lighted,0,The First Harmful Event was Not a Collision with a Motor Vehicle in Transport,0,No Special Jurisdiction,8,Pedestrian,,0,NOT APPLICABLE,3,Principal Arterial - Other,0,None
10849,/Date(1671053700000-0500)/,CALHOUN (15),1,0,4,1,Alabama,2,2022-12-14 16:35,33.78131111,-85.955205560,2,Rain,,,2,Dark - Not Lighted,2,Front-to-Front,0,No Special Jurisdiction,12,Motor Vehicle In-Transport,,0,NOT APPLICABLE,4,Minor Arterial,0,None
10850,/Date(1671233700000-0500)/,JEFFERSON (73),1,1,0,1,Alabama,1,2022-12-16 18:35,33.62256944,-86.622816670,1,Clear,,,3,Dark - Lighted,0,The First Harmful Event was Not a Collision with a Motor Vehicle in Transport,0,No Special Jurisdiction,8,Pedestrian,,3080,TRUSSVILLE,7,Local,0,None
10851,/Date(1671344700000-0500)/,TALLADEGA (121),1,0,1,1,Alabama,1,2022-12-18 01:25,33.12014722,-86.253258330,1,Clear,,,2,Dark - Not Lighted,0,The First Harmful Event was Not a Collision with a Motor Vehicle in Transport,0,No Special Jurisdiction,35,Embankment,,0,NOT APPLICABLE,3,Principal Arterial - Other,0,None
10852,/Date(1671057420000-0500)/,FAYETTE (57),1,0,5,1,Alabama,3,2022-12-14 17:37,33.78537500,-87.799075000,2,Rain,,,2,Dark - Not Lighted,8,Sideswipe - Opposite Direction,0,No Special Jurisdiction,12,Motor Vehicle In-Transport,,0,NOT APPLICABLE,4,Minor Arterial,0,None
10853,/Date(1671407880000-0500)/,DALE (45),1,1,2,1,Alabama,1,2022-12-18 18:58,31.30011944,-85.765175000,1,Clear,,,2,Dark - Not Lighted,0,The First Harmful Event was Not a Collision with a Motor Vehicle in Transport,0,No Special Jurisdiction,8,Pedestrian,,1866,LEVEL PLAINS,3,Principal Arterial - Other,0,None
10854,/Date(1671406560000-0500)/,RUSSELL (113),1,1,3,1,Alabama,1,2022-12-18 18:36,32.45539722,-84.997416670,1,Clear,,,2,Dark - Not Lighted,0,The First Harmful Event was Not a Collision with a Motor Vehicle in Transport,0,No Special Jurisdiction,9,Pedalcyclist,,2440,PHENIX CITY,5,Major Collector,0,None
10855,/Date(1671448800000-0500)/,PIKE (109),1,0,1,1,Alabama,1,2022-12-19 06:20,31.86230000,-85.998825000,1,Clear,,,1,Daylight,0,The First Harmful Event was Not a Collision with a Motor Vehicle in Transport,0,No Special Jurisdiction,42,Tree (Standing Only),,0,NOT APPLICABLE,3,Principal Arterial - Other,0,None
10856,/Date(1671503700000-0500)/,LAUDERDALE (77),1,0,3,1,Alabama,3,2022-12-19 21:35,34.95496111,-87.227197220,10,Cloudy,,,2,Dark - Not Lighted,7,Sideswipe - Same Direction,0,No Special Jurisdiction,12,Motor Vehicle In-Transport,,0,NOT APPLICABLE,4,Minor Arterial,0,None
10857,/Date(1671489180000-0500)/,LEE (81),1,0,2,1,Alabama,2,2022-12-19 17:33,32.58458056,-85.441366670,10,Cloudy,,,3,Dark - Lighted,6,Angle,0,No Special Jurisdiction,12,Motor Vehicle In-Transport,,200,AUBURN,4,Minor Arterial,0,None
10859,/Date(1671551100000-0500)/,HOUSTON (69),1,0,2,1,Alabama,1,2022-12-20 10:45,31.10052222,-85.342733330,10,Cloudy,,,1,Daylight,0,The First Harmful Event was Not a Collision with a Motor Vehicle in Transport,0,No Special Jurisdiction,53,Mail Box,,0,NOT APPLICABLE,5,Major Collector,0,None
10858,/Date(1671556080000-0500)/,JEFFERSON (73),1,0,1,1,Alabama,1,2022-12-20 12:08,33.83221111,-86.824019440,2,Rain,,,1,Daylight,0,The First Harmful Event was Not a Collision with a Motor Vehicle in Transport,0,No Special Jurisdiction,59,Traffic Sign Support ,,0,NOT APPLICABLE,1,Interstate,0,None
10860,/Date(1671586860000-0500)/,ETOWAH (55),2,0,8,1,Alabama,1,2022-12-20 20:41,34.00809722,-86.055022220,1,Clear,,,3,Dark - Lighted,0,The First Harmful Event was Not a Collision with a Motor Vehicle in Transport,0,No Special Jurisdiction,39,Wall,,1280,GADSDEN,4,Minor Arterial,0,None
10861,/Date(1671665400000-0500)/,BLOUNT (9),1,0,2,1,Alabama,2,2022-12-21 18:30,33.92543889,-86.501319440,10,Cloudy,,,2,Dark - Not Lighted,0,The First Harmful Event was Not a Collision with a Motor Vehicle in Transport,0,No Special Jurisdiction,59,Traffic Sign Support ,,0,NOT APPLICABLE,3,Principal Arterial - Other,0,None
10862,/Date(1671933960000-0500)/,ELMORE (51),1,0,1,1,Alabama,1,2022-12-24 21:06,32.59526389,-86.007180560,1,Clear,,,2,Dark - Not Lighted,0,The First Harmful Event was Not a Collision with a Motor Vehicle in Transport,0,No Special Jurisdiction,43,Other Fixed Object,,0,NOT APPLICABLE,5,Major Collector,0,None
10864,/Date(1671828900000-0500)/,MOBILE (97),1,0,1,1,Alabama,1,2022-12-23 15:55,30.61022500,-88.072294440,1,Clear,,,1,Daylight,0,The First Harmful Event was Not a Collision with a Motor Vehicle in Transport,0,No Special Jurisdiction,30,Utility Pole/Light Support,,2100,MOBILE,7,Local,0,None
10865,/Date(1671771840000-0500)/,ESCAMBIA (53),1,0,1,1,Alabama,1,2022-12-23 00:04,31.00659722,-87.269822220,1,Clear,,,3,Dark - Lighted,0,The First Harmful Event was Not a Collision with a Motor Vehicle in Transport,0,No Special Jurisdiction,32,Culvert,,1180,FLOMATON,4,Minor Arterial,0,None
10863,/Date(1671927600000-0500)/,MARSHALL (95),1,0,3,1,Alabama,2,2022-12-24 19:20,34.33534722,-86.210463890,1,Clear,,,2,Dark - Not Lighted,2,Front-to-Front,0,No Special Jurisdiction,12,Motor Vehicle In-Transport,,0,NOT APPLICABLE,5,Major Collector,0,None
10866,/Date(1671752700000-0500)/,BALDWIN (3),1,1,1,1,Alabama,2,2022-12-22 18:45,30.29946111,-87.683152780,1,Clear,,,3,Dark - Lighted,99,Reported as Unknown,0,No Special Jurisdiction,12,Motor Vehicle In-Transport,,1493,GULF SHORES,3,Principal Arterial - Other,0,None
10867,/Date(1671711600000-0500)/,CHOCTAW (23),1,0,2,1,Alabama,2,2022-12-22 07:20,32.21603611,-88.262900000,2,Rain,,,1,Daylight,0,The First Harmful Event was Not a Collision with a Motor Vehicle in Transport,0,No Special Jurisdiction,23,Bridge Rail (Includes parapet),,0,NOT APPLICABLE,5,Major Collector,0,None
10869,/Date(1671748140000-0500)/,BIBB (7),1,0,1,1,Alabama,1,2022-12-22 17:29,33.10982778,-87.130572220,2,Rain,,,2,Dark - Not Lighted,0,The First Harmful Event was Not a Collision with a Motor Vehicle in Transport,0,No Special Jurisdiction,42,Tree (Standing Only),,3240,WEST BLOCTON,5,Major Collector,0,None
10870,/Date(1672022460000-0500)/,CHAMBERS (17),1,0,1,1,Alabama,1,2022-12-25 21:41,33.10201111,-85.455638890,1,Clear,,,2,Dark - Not Lighted,0,The First Harmful Event was Not a Collision with a Motor Vehicle in Transport,0,No Special Jurisdiction,42,Tree (Standing Only),,0,NOT APPLICABLE,6,Minor Collector,0,None
10868,/Date(1671724020000-0500)/,TUSCALOOSA (125),1,0,4,1,Alabama,2,2022-12-22 10:47,33.09885278,-87.554527780,10,Cloudy,,,1,Daylight,6,Angle,0,No Special Jurisdiction,12,Motor Vehicle In-Transport,,0,NOT APPLICABLE,3,Principal Arterial - Other,0,None
10871,/Date(1671216600000-0500)/,MADISON (89),1,0,2,1,Alabama,2,2022-12-16 13:50,34.76448889,-86.485205560,1,Clear,,,1,Daylight,1,Front-to-Rear,0,No Special Jurisdiction,12,Motor Vehicle In-Transport,,0,NOT APPLICABLE,3,Principal Arterial - Other,0,None
10873,/Date(1671642480000-0500)/,WASHINGTON (129),1,0,2,1,Alabama,2,2022-12-21 12:08,31.57362778,-88.405569440,1,Clear,,,1,Daylight,7,Sideswipe - Same Direction,0,No Special Jurisdiction,12,Motor Vehicle In-Transport,,0,NOT APPLICABLE,5,Major Collector,0,None
10872,/Date(1671499080000-0500)/,SHELBY (117),1,0,2,1,Alabama,2,2022-12-19 20:18,33.34886944,-86.780441670,10,Cloudy,,,3,Dark - Lighted,1,Front-to-Rear,0,No Special Jurisdiction,12,Motor Vehicle In-Transport,,2405,PELHAM,1,Interstate,0,None
10874,/Date(1671294900000-0500)/,CLAY (27),1,0,2,1,Alabama,2,2022-12-17 11:35,33.45251111,-85.696547220,1,Clear,,,1,Daylight,2,Front-to-Front,0,No Special Jurisdiction,12,Motor Vehicle In-Transport,,0,NOT APPLICABLE,4,Minor Arterial,0,None
10875,/Date(1671301020000-0500)/,MARION (93),1,0,2,1,Alabama,2,2022-12-17 13:17,34.13550833,-87.890880560,1,Clear,,,1,Daylight,6,Angle,0,No Special Jurisdiction,12,Motor Vehicle In-Transport,,1540,HAMILTON,3,Principal Arterial - Other,0,None
10877,/Date(1672095240000-0500)/,MONTGOMERY (101),1,0,3,1,Alabama,2,2022-12-26 17:54,32.36174167,-86.227172220,1,Clear,,,3,Dark - Lighted,1,Front-to-Rear,0,No Special Jurisdiction,12,Motor Vehicle In-Transport,,2130,MONTGOMERY,1,Interstate,0,None
10876,/Date(1672255500000-0500)/,DEKALB (49),1,0,3,1,Alabama,2,2022-12-28 14:25,34.24550278,-85.810030560,1,Clear,,,1,Daylight,2,Front-to-Front,0,No Special Jurisdiction,12,Motor Vehicle In-Transport,,0,NOT APPLICABLE,5,Major Collector,0,None
10880,/Date(1672219920000-0500)/,LIMESTONE (83),1,0,4,1,Alabama,2,2022-12-28 04:32,34.69487778,-86.878230560,1,Clear,,,2,Dark - Not Lighted,2,Front-to-Front,0,No Special Jurisdiction,12,Motor Vehicle In-Transport,,0,NOT APPLICABLE,5,Major Collector,0,None
10878,/Date(1672176900000-0500)/,MARSHALL (95),1,0,1,1,Alabama,1,2022-12-27 16:35,34.35157778,-86.300247220,10,Cloudy,,,5,Dusk,0,The First Harmful Event was Not a Collision with a Motor Vehicle in Transport,0,No Special Jurisdiction,59,Traffic Sign Support ,,1500,GUNTERSVILLE,7,Local,0,None
10879,/Date(1672025280000-0500)/,JEFFERSON (73),1,0,3,1,Alabama,2,2022-12-25 22:28,33.45060833,-86.954561110,1,Clear,,,2,Dark - Not Lighted,2,Front-to-Front,0,No Special Jurisdiction,12,Motor Vehicle In-Transport,,0,NOT APPLICABLE,1,Interstate,0,None
10882,/Date(1672294500000-0500)/,DALLAS (47),1,0,1,1,Alabama,1,2022-12-29 01:15,32.40242778,-87.016722220,1,Clear,,,3,Dark - Lighted,0,The First Harmful Event was Not a Collision with a Motor Vehicle in Transport,0,No Special Jurisdiction,30,Utility Pole/Light Support,,0,NOT APPLICABLE,4,Minor Arterial,0,None
10883,/Date(1672404600000-0500)/,DALLAS (47),1,0,3,1,Alabama,2,2022-12-30 07:50,32.43846389,-87.117730560,10,Cloudy,,,1,Daylight,1,Front-to-Rear,0,No Special Jurisdiction,12,Motor Vehicle In-Transport,,0,NOT APPLICABLE,3,Principal Arterial - Other,0,None
10881,/Date(1672339860000-0500)/,COFFEE (31),1,1,1,1,Alabama,1,2022-12-29 13:51,31.31473333,-85.829933330,1,Clear,,,1,Daylight,0,The First Harmful Event was Not a Collision with a Motor Vehicle in Transport,0,No Special Jurisdiction,8,Pedestrian,,1030,ENTERPRISE,3,Principal Arterial - Other,0,None
10884,/Date(1672528800000-0500)/,BIBB (7),1,0,1,1,Alabama,1,2022-12-31 18:20,33.09703611,-87.219161110,10,Cloudy,,,2,Dark - Not Lighted,0,The First Harmful Event was Not a Collision with a Motor Vehicle in Transport,0,No Special Jurisdiction,42,Tree (Standing Only),,9997,Other,5,Major Collector,0,None
10885,/Date(1672492020000-0500)/,MONTGOMERY (101),1,0,1,1,Alabama,1,2022-12-31 08:07,32.32658056,-86.296733330,2,Rain,,,1,Daylight,0,The First Harmful Event was Not a Collision with a Motor Vehicle in Transport,0,No Special Jurisdiction,42,Tree (Standing Only),,2130,MONTGOMERY,3,Principal Arterial - Other,0,None
10886,/Date(1672525500000-0500)/,CHILTON (21),1,0,1,1,Alabama,1,2022-12-31 17:25,32.79195833,-86.757675000,1,Clear,,,2,Dark - Not Lighted,0,The First Harmful Event was Not a Collision with a Motor Vehicle in Transport,0,No Special Jurisdiction,42,Tree (Standing Only),,0,NOT APPLICABLE,7,Local,0,None
10887,/Date(1656163920000-0400)/,SHELBY (117),1,0,3,1,Alabama,2,2022-06-25 09:32,33.34471667,-86.799169440,1,Clear,,,1,Daylight,2,Front-to-Front,0,No Special Jurisdiction,12,Motor Vehicle In-Transport,,2405,PELHAM,4,Minor Arterial,0,None
10888,/Date(1659632880000-0400)/,TUSCALOOSA (125),1,0,4,1,Alabama,2,2022-08-04 13:08,33.43258889,-87.605883330,1,Clear,,,1,Daylight,2,Front-to-Front,0,No Special Jurisdiction,12,Motor Vehicle In-Transport,,0,NOT APPLICABLE,3,Principal Arterial - Other,0,None
10889,/Date(1663449000000-0400)/,AUTAUGA (1),1,0,4,1,Alabama,2,2022-09-17 17:10,32.50311111,-86.728516670,1,Clear,,,1,Daylight,1,Front-to-Rear,0,No Special Jurisdiction,12,Motor Vehicle In-Transport,,0,NOT APPLICABLE,6,Minor Collector,0,None
10890,/Date(1665964200000-0400)/,LAMAR (75),1,0,2,1,Alabama,1,2022-10-16 19:50,33.88631944,-88.043997220,1,Clear,,,2,Dark - Not Lighted,0,The First Harmful Event was Not a Collision with a Motor Vehicle in Transport,0,No Special Jurisdiction,35,Embankment,,0,NOT APPLICABLE,7,Local,0,None
10892,/Date(1660135080000-0400)/,BUTLER (13),1,0,2,1,Alabama,2,2022-08-10 08:38,31.63691667,-86.600441670,1,Clear,,,1,Daylight,2,Front-to-Front,0,No Special Jurisdiction,12,Motor Vehicle In-Transport,,0,NOT APPLICABLE,5,Major Collector,0,None
10893,/Date(1664813700000-0400)/,MONTGOMERY (101),1,0,3,1,Alabama,2,2022-10-03 12:15,32.14201111,-86.005616670,1,Clear,,,1,Daylight,6,Angle,0,No Special Jurisdiction,12,Motor Vehicle In-Transport,,0,NOT APPLICABLE,4,Minor Arterial,0,None
10891,/Date(1665790800000-0400)/,WALKER (127),1,0,1,1,Alabama,1,2022-10-14 19:40,33.81294444,-87.147555560,1,Clear,,,2,Dark - Not Lighted,0,The First Harmful Event was Not a Collision with a Motor Vehicle in Transport,0,No Special Jurisdiction,1,Rollover/Overturn,,0,NOT APPLICABLE,3,Principal Arterial - Other,0,None
10894,/Date(1665950640000-0400)/,JEFFERSON (73),1,0,3,1,Alabama,2,2022-10-16 16:04,33.54552222,-86.638036110,10,Cloudy,,,1,Daylight,11,Other ,0,No Special Jurisdiction,54,"Motor Vehicle In-Transport Strikes or is Struck by Cargo, Persons or Objects Set-in-Motion from/by Another Motor Vehicle In Transport",,0,NOT APPLICABLE,1,Interstate,0,None
10896,/Date(1663024500000-0400)/,BALDWIN (3),1,0,1,1,Alabama,1,2022-09-12 19:15,30.64058333,-87.655677780,1,Clear,,,2,Dark - Not Lighted,0,The First Harmful Event was Not a Collision with a Motor Vehicle in Transport,0,No Special Jurisdiction,32,Culvert,,1943,LOXLEY,7,Local,0,None
10895,/Date(1666815300000-0400)/,DEKALB (49),1,0,2,1,Alabama,1,2022-10-26 16:15,34.55767222,-85.670408330,5,"Fog, Smog, Smoke",,,1,Daylight,0,The First Harmful Event was Not a Collision with a Motor Vehicle in Transport,0,No Special Jurisdiction,35,Embankment,,0,NOT APPLICABLE,7,Local,0,None
10897,/Date(1663361400000-0400)/,BUTLER (13),1,0,1,1,Alabama,1,2022-09-16 16:50,31.85285278,-86.641355560,1,Clear,,,1,Daylight,0,The First Harmful Event was Not a Collision with a Motor Vehicle in Transport,0,No Special Jurisdiction,1,Rollover/Overturn,,1460,GREENVILLE,4,Minor Arterial,0,None
10898,/Date(1664142900000-0400)/,BUTLER (13),1,0,1,1,Alabama,1,2022-09-25 17:55,31.84663056,-86.626769440,1,Clear,,,1,Daylight,0,The First Harmful Event was Not a Collision with a Motor Vehicle in Transport,0,No Special Jurisdiction,34,Ditch,,1460,GREENVILLE,5,Major Collector,0,None
10899,/Date(1665357660000-0400)/,JEFFERSON (73),1,1,1,1,Alabama,1,2022-10-09 19:21,33.51164444,-86.807530560,1,Clear,,,3,Dark - Lighted,0,The First Harmful Event was Not a Collision with a Motor Vehicle in Transport,0,No Special Jurisdiction,9,Pedalcyclist,,350,BIRMINGHAM,4,Minor Arterial,0,None
10900,/Date(1665502380000-0400)/,JEFFERSON (73),1,0,2,1,Alabama,2,2022-10-11 11:33,33.52036389,-86.829425000,1,Clear,,,1,Daylight,0,The First Harmful Event was Not a Collision with a Motor Vehicle in Transport,0,No Special Jurisdiction,14,Parked Motor Vehicle,,350,BIRMINGHAM,1,Interstate,0,None
10901,/Date(1661654100000-0400)/,CULLMAN (43),1,0,4,1,Alabama,3,2022-08-27 22:35,34.27164444,-86.898477780,1,Clear,,,1,Daylight,7,Sideswipe - Same Direction,0,No Special Jurisdiction,12,Motor Vehicle In-Transport,,0,NOT APPLICABLE,1,Interstate,0,None
10902,/Date(1665167100000-0400)/,SHELBY (117),1,0,1,1,Alabama,1,2022-10-07 14:25,33.51218611,-86.550958330,1,Clear,,,1,Daylight,0,The First Harmful Event was Not a Collision with a Motor Vehicle in Transport,0,No Special Jurisdiction,24,Guardrail Face,,0,NOT APPLICABLE,4,Minor Arterial,0,None
10903,/Date(1654780200000-0400)/,LAUDERDALE (77),1,0,1,1,Alabama,1,2022-06-09 09:10,34.88960833,-87.791163890,1,Clear,,,1,Daylight,0,The First Harmful Event was Not a Collision with a Motor Vehicle in Transport,0,No Special Jurisdiction,42,Tree (Standing Only),,0,NOT APPLICABLE,6,Minor Collector,0,None
10904,/Date(1646253120000-0500)/,MADISON (89),1,1,1,1,Alabama,1,2022-03-02 15:32,34.62314722,-86.538358330,1,Clear,,,1,Daylight,0,The First Harmful Event was Not a Collision with a Motor Vehicle in Transport,0,No Special Jurisdiction,8,Pedestrian,,1730,HUNTSVILLE,96,Trafficway Not in State Inventory,0,None
10905,/Date(1670016900000-0500)/,CHILTON (21),1,0,3,1,Alabama,2,2022-12-02 16:35,32.80744167,-86.790102780,1,Clear,,,1,Daylight,6,Angle,0,No Special Jurisdiction,12,Motor Vehicle In-Transport,,0,NOT APPLICABLE,4,Minor Arterial,0,None
10907,/Date(1672390980000-0500)/,TUSCALOOSA (125),1,0,2,1,Alabama,1,2022-12-30 04:03,33.22135278,-87.504261110,10,Cloudy,,,2,Dark - Not Lighted,0,The First Harmful Event was Not a Collision with a Motor Vehicle in Transport,0,No Special Jurisdiction,42,Tree (Standing Only),,3050,TUSCALOOSA,4,Minor Arterial,0,None
10906,/Date(1672093500000-0500)/,ELMORE (51),1,0,4,1,Alabama,2,2022-12-26 17:25,32.45035278,-85.897700000,1,Clear,,,2,Dark - Not Lighted,2,Front-to-Front,0,No Special Jurisdiction,12,Motor Vehicle In-Transport,,0,NOT APPLICABLE,4,Minor Arterial,0,None
10908,/Date(1672083000000-0500)/,MONROE (99),1,0,3,1,Alabama,1,2022-12-26 14:30,31.76756111,-87.100352780,1,Clear,,,1,Daylight,0,The First Harmful Event was Not a Collision with a Motor Vehicle in Transport,0,No Special Jurisdiction,32,Culvert,,0,NOT APPLICABLE,4,Minor Arterial,0,None
10909,/Date(1658952840000-0400)/,WINSTON (133),1,0,1,1,Alabama,1,2022-07-27 16:14,34.08402222,-87.594044440,1,Clear,,,1,Daylight,0,The First Harmful Event was Not a Collision with a Motor Vehicle in Transport,0,No Special Jurisdiction,32,Culvert,,0,NOT APPLICABLE,4,Minor Arterial,0,None
10910,/Date(1664843280000-0400)/,MONTGOMERY (101),1,1,2,1,Alabama,2,2022-10-03 20:28,32.42403611,-86.227211110,1,Clear,,,3,Dark - Lighted,0,The First Harmful Event was Not a Collision with a Motor Vehicle in Transport,0,No Special Jurisdiction,8,Pedestrian,,2130,MONTGOMERY,7,Local,0,None
10912,/Date(1667259600000-0400)/,MONTGOMERY (101),1,1,1,1,Alabama,1,2022-10-31 19:40,32.32661944,-86.299088890,1,Clear,,,3,Dark - Lighted,0,The First Harmful Event was Not a Collision with a Motor Vehicle in Transport,0,No Special Jurisdiction,8,Pedestrian,,2130,MONTGOMERY,3,Principal Arterial - Other,0,None
10911,/Date(1651235700000-0400)/,COVINGTON (39),1,0,3,1,Alabama,3,2022-04-29 08:35,31.19373889,-86.564880560,1,Clear,,,1,Daylight,1,Front-to-Rear,0,No Special Jurisdiction,12,Motor Vehicle In-Transport,,0,NOT APPLICABLE,4,Minor Arterial,0,None
10913,/Date(1643259300000-0500)/,MOBILE (97),1,0,3,1,Alabama,2,2022-01-26 23:55,30.64022222,-88.089027780,1,Clear,,,3,Dark - Lighted,2,Front-to-Front,0,No Special Jurisdiction,12,Motor Vehicle In-Transport,,2100,MOBILE,3,Principal Arterial - Other,0,None
10915,/Date(1641997260000-0500)/,CHEROKEE (19),1,0,3,1,Alabama,2,2022-01-12 09:21,34.17795278,-85.760188890,1,Clear,,,1,Daylight,6,Angle,0,No Special Jurisdiction,12,Motor Vehicle In-Transport,,630,CENTRE,4,Minor Arterial,0,None
10917,/Date(1657702440000-0400)/,JEFFERSON (73),1,0,2,1,Alabama,1,2022-07-13 04:54,33.57329444,-86.647736110,10,Cloudy,,,3,Dark - Lighted,0,The First Harmful Event was Not a Collision with a Motor Vehicle in Transport,0,No Special Jurisdiction,33,Curb,,350,BIRMINGHAM,4,Minor Arterial,0,None
10916,/Date(1653267000000-0400)/,JEFFERSON (73),1,1,2,1,Alabama,2,2022-05-22 20:50,33.48663056,-86.825488890,2,Rain,,,2,Dark - Not Lighted,0,The First Harmful Event was Not a Collision with a Motor Vehicle in Transport,0,No Special Jurisdiction,8,Pedestrian,,350,BIRMINGHAM,1,Interstate,0,None
10914,/Date(1651329840000-0400)/,MOBILE (97),1,0,2,1,Alabama,2,2022-04-30 10:44,30.70677500,-88.121891670,10,Cloudy,,,1,Daylight,6,Angle,0,No Special Jurisdiction,12,Motor Vehicle In-Transport,,2100,MOBILE,3,Principal Arterial - Other,0,None
10918,/Date(1658240880000-0400)/,MONTGOMERY (101),1,0,7,1,Alabama,2,2022-07-19 10:28,32.34133889,-86.225713890,1,Clear,,,1,Daylight,1,Front-to-Rear,0,No Special Jurisdiction,12,Motor Vehicle In-Transport,,2130,MONTGOMERY,3,Principal Arterial - Other,0,None
10001,/Date(1641058200000-0500)/,PICKENS (107),1,0,3,1,Alabama,2,2022-01-01 12:30,33.49096667,-88.274083330,1,Clear,,,1,Daylight,7,Sideswipe - Same Direction,0,No Special Jurisdiction,12,Motor Vehicle In-Transport,,0,NOT APPLICABLE,3,Principal Arterial - Other,0,None
10919,/Date(1663640760000-0400)/,BALDWIN (3),1,1,1,1,Alabama,1,2022-09-19 22:26,30.29035278,-87.593133330,1,Clear,,,3,Dark - Lighted,0,The First Harmful Event was Not a Collision with a Motor Vehicle in Transport,0,No Special Jurisdiction,8,Pedestrian,,2355,ORANGE BEACH,4,Minor Arterial,0,None
10002,/Date(1641073200000-0500)/,MONTGOMERY (101),2,0,5,1,Alabama,2,2022-01-01 16:40,32.08712500,-86.064152780,1,Clear,,,1,Daylight,2,Front-to-Front,0,No Special Jurisdiction,12,Motor Vehicle In-Transport,,0,NOT APPLICABLE,3,Principal Arterial - Other,0,None
10003,/Date(1641018780000-0500)/,ST. CLAIR (115),1,0,2,1,Alabama,1,2022-01-01 01:33,33.42833056,-86.351994440,10,Cloudy,,,2,Dark - Not Lighted,0,The First Harmful Event was Not a Collision with a Motor Vehicle in Transport,0,No Special Jurisdiction,42,Tree (Standing Only),,0,NOT APPLICABLE,5,Major Collector,0,None
10004,/Date(1641152760000-0500)/,MONTGOMERY (101),1,0,1,1,Alabama,1,2022-01-02 14:46,32.21690278,-86.400169440,10,Cloudy,,,1,Daylight,0,The First Harmful Event was Not a Collision with a Motor Vehicle in Transport,0,No Special Jurisdiction,34,Ditch,,0,NOT APPLICABLE,1,Interstate,0,None
10007,/Date(1641305100000-0500)/,GREENE (63),1,0,1,1,Alabama,2,2022-01-04 09:05,33.05224444,-87.961883330,1,Clear,,,1,Daylight,1,Front-to-Rear,0,No Special Jurisdiction,12,Motor Vehicle In-Transport,,0,NOT APPLICABLE,5,Major Collector,0,None
10005,/Date(1641167280000-0500)/,JEFFERSON (73),1,1,1,1,Alabama,1,2022-01-02 18:48,33.54028056,-86.687388890,2,Rain,,,2,Dark - Not Lighted,0,The First Harmful Event was Not a Collision with a Motor Vehicle in Transport,0,No Special Jurisdiction,8,Pedestrian,,0,NOT APPLICABLE,1,Interstate,0,None
10006,/Date(1641166080000-0500)/,MONTGOMERY (101),1,1,5,1,Alabama,1,2022-01-02 18:28,32.35168889,-86.312686110,1,Clear,,,3,Dark - Lighted,0,The First Harmful Event was Not a Collision with a Motor Vehicle in Transport,0,No Special Jurisdiction,8,Pedestrian,,2130,MONTGOMERY,4,Minor Arterial,0,None
10008,/Date(1641325800000-0500)/,MONTGOMERY (101),1,0,1,1,Alabama,1,2022-01-04 14:50,32.04035000,-86.047330560,1,Clear,,,1,Daylight,0,The First Harmful Event was Not a Collision with a Motor Vehicle in Transport,0,No Special Jurisdiction,38,Fence,,0,NOT APPLICABLE,5,Major Collector,0,None
10009,/Date(1641314400000-0500)/,JACKSON (71),1,0,3,1,Alabama,2,2022-01-04 11:40,34.61266389,-86.241444440,1,Clear,,,1,Daylight,6,Angle,0,No Special Jurisdiction,12,Motor Vehicle In-Transport,,0,NOT APPLICABLE,3,Principal Arterial - Other,0,None
10011,/Date(1641401100000-0500)/,ST. CLAIR (115),1,0,2,1,Alabama,1,2022-01-05 11:45,33.74586944,-86.151191670,1,Clear,,,1,Daylight,0,The First Harmful Event was Not a Collision with a Motor Vehicle in Transport,0,No Special Jurisdiction,35,Embankment,,2560,RAGLAND,5,Major Collector,0,None
10010,/Date(1641358800000-0500)/,WILCOX (131),1,0,1,1,Alabama,1,2022-01-05 00:00,31.97055556,-87.660088890,1,Clear,,,2,Dark - Not Lighted,0,The First Harmful Event was Not a Collision with a Motor Vehicle in Transport,0,No Special Jurisdiction,42,Tree (Standing Only),,0,NOT APPLICABLE,3,Principal Arterial - Other,0,None